Zaman(s);Hata_e(t);Kontrol_u(t);Araba_X;Araba_Z;Referans_X;Referans_Z
0,01999999;-0,421389;-1;35,85746;-9,91864;36,27816;-9,89455
0,03999998;-0,4140453;1;35,8601;-9,836278;36,27347;-9,812607
0,05999998;-0,4060558;1;35,8626;-9,740148;36,26799;-9,716932
0,07999997;-0,3984865;1;35,86468;-9,644012;36,26251;-9,621231
0,09999996;-0,3922239;1;35,86548;-9,548508;36,25706;-9,526085
0,12;-0,3879024;0,4424933;35,86434;-9,452948;36,25161;-9,430771
0,14;-0,3855217;-1;35,86126;-9,357576;36,24615;-9,335537
0,16;-0,3843027;-1;35,85703;-9,262446;36,24071;-9,240477
0,1799999;-0,3833242;-1;35,85257;-9,167366;36,23527;-9,145452
0,1999999;-0,3818453;-1;35,84831;-9,072575;36,22944;-9,049215
0,2199999;-0,3795943;-1;35,84474;-8,977481;36,22362;-8,95426
0,2399999;-0,3761661;-0,3335285;35,84235;-8,882486;36,21782;-8,859474
0,2599999;-0,3715264;0,9244525;35,84117;-8,7874;36,212;-8,764671
0,2799999;-0,3664584;1;35,84041;-8,692153;36,20618;-8,669737
0,2999999;-0,3616658;1;35,83939;-8,597042;36,20037;-8,574917
0,3199999;-0,3575303;0,5601579;35,83768;-8,501728;36,19455;-8,479856
0,3399999;-0,3542394;-0,2515015;35,83515;-8,406549;36,18873;-8,38488
0,3599998;-0,3511699;-0,4422081;35,83215;-8,311407;36,18257;-8,288496
0,3799998;-0,3481117;-0,4228911;35,82899;-8,216211;36,17636;-8,193501
0,3999998;-0,3450687;-0,4076901;35,82582;-8,121119;36,17015;-8,098608
0,4199998;-0,3420334;-0,385026;35,82264;-8,02598;36,16395;-8,003666
0,4399998;-0,339002;-0,3585559;35,81946;-7,930893;36,15774;-7,908775
0,4599997;-0,3359589;-0,3165323;35,81628;-7,835607;36,15153;-7,813686
0,4799997;-0,3329196;-0,2898642;35,81312;-7,740678;36,14533;-7,718956
0,4999997;-0,3298765;-0,2556482;35,80996;-7,645655;36,13913;-7,62413
0,5199997;-0,3266341;-0,02396613;35,8068;-7,550609;36,13265;-7,527954
0,5399997;-0,3231964;0,2057055;35,80364;-7,455547;36,12606;-7,433132
0,5599996;-0,319759;0,2398413;35,80047;-7,360479;36,11946;-7,338299
0,5799996;-0,3163249;0,2708745;35,79731;-7,265415;36,11287;-7,243477
0,5999996;-0,3128834;0,3126204;35,79415;-7,17036;36,10628;-7,148659
0,6199996;-0,3094341;0,3549814;35,791;-7,075309;36,09969;-7,053848
0,6399996;-0,3059846;0,389595;35,78785;-6,980262;36,09309;-6,959042
0,6599995;-0,3025318;0,4275209;35,7847;-6,885221;36,0865;-6,864235
0,6799995;-0,2989209;0,6216714;35,78156;-6,790185;36,07967;-6,768192
0,6999995;-0,2953023;0,6655762;35,77818;-6,695178;36,07269;-6,673454
0,7199995;-0,291619;0,7671401;35,77487;-6,600171;36,0657;-6,578716
0,7399995;-0,2882031;0,5338529;35,77127;-6,505013;36,05869;-6,48381
0,7599995;-0,2852041;0,1469678;35,76726;-6,409869;36,05169;-6,388889
0,7799994;-0,2823852;-0,004938543;35,76307;-6,314736;36,04469;-6,293961
0,7999994;-0,2796004;-0,01118422;35,75885;-6,219675;36,03769;-6,199104
0,8199994;-0,2768308;0,001252592;35,75462;-6,124687;36,0307;-6,104321
0,8399994;-0,2739988;0,09200841;35,75039;-6,029771;36,02356;-6,00843
0,8599994;-0,2709378;0,3516796;35,74607;-5,935179;36,01619;-5,914078
0,8799993;-0,2678577;0,4014641;35,74174;-5,84024;36,00879;-5,819378
0,8999993;-0,2647738;0,4361776;35,73741;-5,745168;36,00138;-5,724545
0,9199993;-0,2616934;0,4634348;35,73307;-5,650123;35,99397;-5,629742
0,9399993;-0,2586209;0,486322;35,72873;-5,555078;35,98657;-5,534935
0,9599993;-0,2555366;0,528937;35,7244;-5,460018;35,97916;-5,440117
0,9799992;-0,2524602;0,5518335;35,72006;-5,364969;35,97175;-5,345306
0,9999992;-0,249307;0,6600912;35,7158;-5,269919;35,96435;-5,250504
1,019999;-0,2460503;0,7962365;35,71124;-5,174885;35,95645;-5,154644
1,039999;-0,2429423;0,6785882;35,70651;-5,079815;35,94863;-5,05983
1,059999;-0,240225;0,3150678;35,70139;-4,984751;35,9408;-4,964985
1,079999;-0,2379165;-0,07075116;35,69586;-4,889693;35,93297;-4,870121
1,099999;-0,2357768;-0,2179898;35,69016;-4,794676;35,92514;-4,77528
1,119999;-0,2336675;-0,2274449;35,68444;-4,699687;35,91731;-4,680466
1,139999;-0,2315547;-0,2027406;35,67871;-4,604702;35,90948;-4,585651
1,159999;-0,2294455;-0,1852095;35,67299;-4,509759;35,90166;-4,490883
1,179999;-0,2269869;0,1887645;35,66728;-4,414826;35,89341;-4,395138
1,199999;-0,2244253;0,3173323;35,66158;-4,319897;35,88516;-4,30043
1,219999;-0,2218559;0,3508344;35,6559;-4,22497;35,87692;-4,205727
1,239999;-0,2192864;0,3765735;35,65022;-4,130043;35,86868;-4,111023
1,259999;-0,2167054;0,413992;35,64454;-4,035117;35,86043;-4,016323
1,279999;-0,2142434;0,3195818;35,63875;-3,94024;35,85219;-3,921658
1,299999;-0,2117773;0,3482805;35,63298;-3,845556;35,84396;-3,827187
1,319999;-0,2092997;0,3846049;35,62721;-3,750672;35,83572;-3,732517
1,339999;-0,2065091;0,7255852;35,62144;-3,655742;35,82709;-3,636887
1,359999;-0,2038009;0,6701441;35,61546;-3,560831;35,81841;-3,542221
1,379999;-0,2011231;0,6665835;35,60944;-3,465888;35,80972;-3,447525
1,399999;-0,1988821;0,2521956;35,60297;-3,370739;35,80102;-3,352581
1,419999;-0,1968021;0,1119134;35,59634;-3,275683;35,79232;-3,257713
1,439999;-0,1948636;-0,01014367;35,58958;-3,180725;35,78363;-3,162933
1,459999;-0,1929562;-0,02210826;35,5828;-3,085863;35,77495;-3,068241
1,479999;-0,1910558;-0,01016751;35,576;-2,990877;35,76625;-2,973431
1,499999;-0,1889375;0,2289303;35,56919;-2,895961;35,75726;-2,877819
1,519999;-0,1865922;0,4794177;35,5624;-2,801067;35,74813;-2,78315
1,539999;-0,1842394;0,5103511;35,55561;-2,706171;35,73899;-2,688477
1,559999;-0,1818859;0,534616;35,54882;-2,611276;35,72986;-2,593811
1,579999;-0,1795405;0,5500387;35,54202;-2,516381;35,72073;-2,499142
1,599999;-0,1771032;0,6662473;35,53531;-2,421473;35,7116;-2,404465
1,619999;-0,1749951;0,3581467;35,52828;-2,326595;35,70247;-2,309792
1,639999;-0,1727993;0,4678431;35,52133;-2,231664;35,69333;-2,215069
1,659999;-0,170478;0,6164938;35,51438;-2,136809;35,68399;-2,119617
1,679999;-0,1679439;0,8546983;35,50731;-2,041909;35,67439;-2,024971
1,699999;-0,1655897;0,6982937;35,50004;-1,946926;35,66479;-1,930225
1,719999;-0,1636761;0,276847;35,49235;-1,852034;35,65519;-1,835529
1,739999;-0,1621504;-0,09586334;35,48426;-1,757173;35,64559;-1,740818
1,759999;-0,1608158;-0,2734749;35,47599;-1,662317;35,63599;-1,646099
1,779999;-0,1595084;-0,2877453;35,4677;-1,567518;35,62639;-1,55143
1,799999;-0,1582042;-0,2778475;35,45939;-1,472682;35,61679;-1,45673
1,819999;-0,1568279;-0,1919776;35,45108;-1,37768;35,60703;-1,361095
1,839998;-0,1550635;0,2137522;35,44279;-1,283048;35,59698;-1,266647
1,859998;-0,1533064;0,2240366;35,43449;-1,18834;35,58693;-1,172127
1,879998;-0,1515535;0,2373935;35,42617;-1,093617;35,57688;-1,077587
1,899998;-0,1498041;0,2514011;35,41786;-0,9988948;35,56683;-0,9830513
1,919998;-0,1480466;0,2769925;35,40955;-0,9041692;35,55677;-0,8885155
1,939998;-0,1462899;0,2938446;35,40125;-0,8094392;35,54671;-0,7939682
1,959998;-0,1445251;0,3195091;35,39294;-0,7147055;35,53666;-0,6994209
1,979998;-0,1427478;0,3497837;35,38464;-0,6199696;35,52651;-0,6041489
1,999998;-0,1404947;0,8481687;35,37635;-0,5252328;35,51598;-0,5096626
2,019998;-0,1385567;0,5524487;35,36774;-0,4305497;35,50544;-0,4151917
2,039998;-0,1367179;0,4716851;35,35902;-0,3358263;35,4949;-0,3206749
2,059998;-0,1351097;0,2570367;35,35006;-0,2409686;35,48434;-0,2259941
2,079998;-0,1334588;0,3163421;35,34114;-0,1460709;35,47378;-0,1312828
2,099998;-0,1320004;0,1384333;35,33204;-0,05126096;35,46322;-0,03663254
2,119998;-0,1305302;0,164817;35,32296;0,04341036;35,45268;0,05787659
2,139998;-0,1290521;0,1876001;35,31389;0,1380585;35,44215;0,152359
2,159998;-0,1271524;0,628211;35,30482;0,2326944;35,43112;0,2474518
2,179998;-0,1254977;0,3997533;35,29544;0,327269;35,42009;0,3418388
2,199998;-0,1235581;0,7039923;35,28633;0,421916;35,40905;0,4362602
2,219998;-0,1218758;0,463509;35,27701;0,5161745;35,39806;0,530323
2,239998;-0,1201474;0,5269423;35,26768;0,6108429;35,38702;0,6247902
2,259998;-0,1184726;0,4900757;35,2583;0,7055863;35,37597;0,7193375
2,279998;-0,1167941;0,5105261;35,24891;0,8003513;35,36492;0,8139076
2,299998;-0,1151044;0,5386586;35,23954;0,8951072;35,35387;0,9084702
2,319998;-0,1132886;0,6829178;35,22998;0,989808;35,34243;1,003571
2,339998;-0,1114476;0,7265483;35,22025;1,084531;35,33087;1,098068
2,359998;-0,1098337;0,5155787;35,21029;1,179189;35,31931;1,192532
2,379998;-0,1085427;0,2055579;35,2;1,273829;35,30774;1,287018
2,399998;-0,1073776;0,09131633;35,1896;1,368431;35,29618;1,381474
2,419998;-0,1063439;-0,02976783;35,17906;1,463091;35,28461;1,476009
2,439998;-0,1053214;-0,03065854;35,16851;1,55768;35,27305;1,570473
2,459998;-0,104303;-0,02460189;35,15796;1,652258;35,26149;1,664928
2,479998;-0,1030455;0,2270399;35,14741;1,746811;35,24962;1,759899
2,499998;-0,1014955;0,5349897;35,13687;1,84135;35,23755;1,85424
2,519998;-0,09993051;0,5657048;35,12635;1,935877;35,22547;1,94857
2,539998;-0,09833074;0,616467;35,11585;2,030406;35,21339;2,042896
2,559998;-0,09710729;0,2523725;35,10499;2,124883;35,20131;2,137215
2,579998;-0,09563085;0,5201364;35,09436;2,219511;35,18922;2,231659
2,599998;-0,0941578;0,5314695;35,08376;2,313895;35,17716;2,325855
2,619998;-0,09269219;0,5386899;35,07314;2,408432;35,16508;2,420204
2,639998;-0,09102264;0,7593226;35,06252;2,502935;35,15273;2,515015
2,659998;-0,08946401;0,6639922;35,05145;2,597353;35,14012;2,609226
2,679998;-0,08794024;0,6443686;35,04036;2,691604;35,12752;2,703278
2,699998;-0,08675877;0,3138811;35,02888;2,786174;35,11488;2,797691
2,719998;-0,08590765;-0,007951558;35,01707;2,880754;35,10222;2,892155
2,739998;-0,08521491;-0,1594087;35,00511;2,975336;35,08957;2,986645
2,759998;-0,08452985;-0,1602472;34,99315;3,069763;35,07693;3,080982
2,779998;-0,08385272;-0,1613958;34,98118;3,164268;35,06429;3,1754
2,799998;-0,08309001;-0,06819136;34,96922;3,258673;35,0515;3,270199
2,819998;-0,08184225;0,4293416;34,95726;3,353056;35,03831;3,36441
2,839998;-0,08057866;0,4578025;34,94531;3,447437;35,02511;3,458614
2,859998;-0,07931501;0,4705061;34,93336;3,541825;35,01191;3,552826
2,879997;-0,07805917;0,4752413;34,92141;3,636208;34,99872;3,647034
2,899997;-0,07680374;0,4873933;34,90946;3,730595;34,98552;3,741249
2,919997;-0,07555519;0,493002;34,8975;3,824983;34,97233;3,835461
2,939997;-0,07430771;0,5044039;34,88554;3,919371;34,95913;3,92968
2,959997;-0,07306693;0,5101137;34,87357;4,013757;34,94593;4,023891
2,979997;-0,07127435;1;34,8616;4,108142;34,93213;4,118469
2,999997;-0,06979412;0,7822886;34,84928;4,202521;34,91834;4,212635
3,019997;-0,0687917;0,3144994;34,83647;4,29689;34,90454;4,306858
3,039997;-0,0682831;-0,1742319;34,82318;4,391135;34,89075;4,401031
3,059997;-0,06802458;-0,421718;34,80965;4,485373;34,87695;4,495232
3,079997;-0,06779273;-0,44608;34,79609;4,579568;34,86316;4,58939
3,099997;-0,06757727;-0,4603167;34,78251;4,673792;34,84937;4,683586
3,119997;-0,0673613;-0,4576354;34,76893;4,767966;34,83558;4,777729
3,139997;-0,06666949;0,02510667;34,75536;4,862121;34,82126;4,872204
3,159997;-0,0658323;0,1788692;34,7418;4,956271;34,80687;4,966228
3,179997;-0,06501423;0,1679318;34,72819;5,050648;34,79245;5,060482
3,199997;-0,06419598;0,1762931;34,71463;5,144668;34,77808;5,154377
3,219997;-0,06338561;0,1765141;34,70105;5,238742;34,76371;5,248329
3,239997;-0,06257506;0,1847909;34,68748;5,332829;34,74933;5,342293
3,259997;-0,06176828;0,1891036;34,6739;5,426927;34,73495;5,436268
3,279997;-0,06095429;0,2044445;34,66032;5,521034;34,72057;5,530254
3,299997;-0,05968181;0,675667;34,64674;5,615149;34,70568;5,624573
3,319997;-0,0584303;0,6672012;34,63297;5,709222;34,69067;5,718449
3,339997;-0,05718277;0,6757092;34,61918;5,803339;34,67565;5,81237
3,359997;-0,05622434;0,396181;34,60508;5,897586;34,6606;5,906464
3,379997;-0,05558328;0,08523028;34,59067;5,99181;34,64555;6,000587
3,399997;-0,05510048;-0,06820325;34,57609;6,086032;34,6305;6,094734
3,419997;-0,05461727;-0,06296512;34,56152;6,180203;34,61545;6,188828
3,439997;-0,05412636;-0,05034834;34,54698;6,274257;34,60043;6,282803
3,459997;-0,05331919;0,2739745;34,53245;6,368276;34,58504;6,377068
3,479997;-0,05214729;0,6504256;34,51792;6,462276;34,56935;6,470875
3,499997;-0,05125828;0,3764321;34,50312;6,556185;34,55368;6,56464
3,519997;-0,05015546;0,6012622;34,48852;6,650197;34,53799;6,658466
3,539997;-0,04921521;0,4481004;34,47376;6,744176;34,5223;6,752289
3,559997;-0,04815546;0,5781903;34,45913;6,838147;34,50663;6,846085
3,579997;-0,04706137;0,6234784;34,44459;6,931769;34,491;6,939529
3,599997;-0,0462758;0,3228166;34,42968;7,025731;34,47532;7,03336
3,619997;-0,0452344;0,5890501;34,41484;7,119782;34,4594;7,127567
3,639997;-0,0436161;1;34,40007;7,213721;34,44303;7,22123
3,659997;-0,04242671;0,7651216;34,38483;7,307782;34,42663;7,315083
3,679997;-0,04179581;0,2129424;34,36907;7,401692;34,41024;7,408886
3,699997;-0,04165699;-0,2777469;34,35282;7,495481;34,39385;7,502655
3,719997;-0,04176045;-0,521067;34,33633;7,58925;34,37747;7,596436
3,739997;-0,04186539;-0,5235879;34,31984;7,682999;34,36108;7,690205
3,759997;-0,04199333;-0,5478784;34,30333;7,776741;34,3447;7,78397
3,779997;-0,04194156;-0,3676415;34,28691;7,87047;34,32817;7,878002
3,799997;-0,04133734;0,1908391;34,27042;7,96418;34,31108;7,971607
3,819997;-0,04070479;0,2255028;34,25395;8,057856;34,29399;8,065166
3,839997;-0,04007291;0,2311586;34,23748;8,151558;34,27691;8,158756
3,859997;-0,03944065;0,23785;34,22102;8,245251;34,25982;8,252335
3,879997;-0,03880803;0,244545;34,20455;8,338938;34,24273;8,345905
3,899997;-0,03817284;0,2534562;34,18809;8,432614;34,22564;8,439472
3,919997;-0,03753232;0,265196;34,17163;8,526288;34,20856;8,533028
3,939996;-0,03686697;0,2966824;34,15518;8,619959;34,19139;8,626873
3,959996;-0,03544572;1;34,13874;8,713628;34,17355;8,720276
3,979996;-0,034553;0,5471952;34,12177;8,807249;34,1557;8,813732
3,999996;-0,03388456;0,3295947;34,10456;8,900879;34,13785;8,907234
4,019997;-0,03347288;0,07695321;34,08715;8,994275;34,12003;9,000553
4,039997;-0,03310811;0,03368832;34,06973;9,087432;34,10225;9,093643
4,059997;-0,03273867;0,04205048;34,05226;9,180857;34,08442;9,186996
4,079997;-0,03235423;0,06089661;34,03477;9,274461;34,06656;9,280529
4,099997;-0,03196585;0,06872553;34,01732;9,367909;34,04872;9,373905
4,119997;-0,0310555;0,5997983;33,99979;9,461368;34,03024;9,467457
4,139997;-0,02975567;1;33,98244;9,554826;34,01162;9,560658
4,159997;-0,02908649;0,3783186;33,96443;9,648341;33,99295;9,654041
4,179996;-0,02877171;0,02706261;33,94606;9,741812;33,97428;9,747452
4,199996;-0,02849861;-0,01189245;33,92767;9,83526;33,95561;9,840843
4,219996;-0,02827357;-0,05769458;33,90927;9,928437;33,937;9,933979
4,239996;-0,02806329;-0,07034574;33,89082;10,02184;33,91833;10,02734
4,259996;-0,02785336;-0,06860407;33,87237;10,1152;33,89968;10,12066
4,279996;-0,02718313;0,3983915;33,85392;10,20853;33,88053;10,21409
4,299996;-0,02611949;0,8024448;33,83549;10,30185;33,86105;10,3072
4,319996;-0,02530811;0,5583079;33,8168;10,39516;33,84157;10,40034
4,339996;-0,02466133;0,4001625;33,79795;10,48846;33,82209;10,49351
4,359996;-0,02414342;0,2764782;33,77898;10,58168;33,80261;10,58662
4,379996;-0,02373473;0,1713414;33,75989;10,67497;33,78312;10,67983
4,399996;-0,02334489;0,1563955;33,74078;10,76821;33,76363;10,77299
4,419996;-0,02296229;0,1529776;33,72167;10,86147;33,74414;10,86617
4,439996;-0,02214955;0,5912365;33,70255;10,95468;33,72419;10,95942
4,459996;-0,02093519;1;33,68339;11,04784;33,70384;11,05232
4,479996;-0,02002162;0,7133595;33,66391;11,14106;33,68346;11,14535
4,499996;-0,0196273;0,1980435;33,64392;11,23415;33,6631;11,23835
4,519996;-0,01968542;-0,2549762;33,6235;11,32713;33,64273;11,33134
4,539996;-0,01995475;-0,4688712;33,60282;11,42027;33,62231;11,42454
4,559996;-0,0202286;-0,4761415;33,5822;11,51315;33,60196;11,51748
4,579996;-0,02050927;-0,4857543;33,56158;11,60598;33,58162;11,61036
4,599996;-0,02052447;-0,2204532;33,54097;11,69881;33,56097;11,7034
4,619996;-0,0198478;0,4781933;33,52034;11,79165;33,53968;11,7961
4,639996;-0,01919428;0,4615852;33,49969;11,8845;33,51839;11,8888
4,659996;-0,01854073;0,4681392;33,47903;11,97734;33,4971;11,98149
4,679996;-0,0178946;0,4671835;33,45838;12,07017;33,47582;12,07417
4,699996;-0,01723644;0,4857959;33,43774;12,16299;33,45454;12,16684
4,719996;-0,01658328;0,4873319;33,41709;12,25581;33,43325;12,25952
4,739996;-0,01592181;0,5022522;33,39645;12,34863;33,41197;12,3522
4,759996;-0,01523185;0,5376344;33,37582;12,44146;33,39063;12,44502
4,779996;-0,01354561;1;33,35519;12,53428;33,36835;12,53746
4,799996;-0,01228548;1;33,33414;12,62699;33,34609;12,62987
4,819996;-0,01150044;0,6700431;33,31262;12,71969;33,3238;12,72238
4,839996;-0,01163412;-0,2500195;33,29016;12,81233;33,30147;12,81506
4,859996;-0,01235208;-0,8414804;33,26715;12,90478;33,27916;12,90767
4,879996;-0,01295206;-0,7295021;33,24425;12,99726;33,25684;13,00029
4,899996;-0,01389433;-1;33,22105;13,08953;33,23456;13,09279
4,919996;-0,01420769;-0,4554298;33,19848;13,18185;33,2123;13,18518
4,939996;-0,01299514;1;33,17648;13,27424;33,18908;13,27742
4,959996;-0,01138647;1;33,15473;13,3669;33,16577;13,36969
4,979996;-0,01017075;1;33,13259;13,45952;33,14245;13,46201
4,999996;-0,009521248;0,5542931;33,10989;13,55201;33,11913;13,55434
5,019996;-0,009753927;-0,3302182;33,08635;13,64428;33,0958;13,64667
5,039996;-0,01037517;-0,7249963;33,06245;13,73634;33,07251;13,73888
5,059996;-0,01103203;-0,7671805;33,03851;13,8284;33,04921;13,8311
5,079996;-0,01153648;-0,6198168;33,01473;13,92048;33,02592;13,92331
5,099996;-0,01099269;0,4338698;32,9913;14,01262;33,00194;14,0154
5,119996;-0,01020022;0,6904671;32,96803;14,10479;32,9779;14,10737
5,139996;-0,00966797;0,4355676;32,94451;14,19687;32,95386;14,19932
5,159996;-0,008671035;0,9102252;32,9214;14,28921;32,92979;14,2914
5,179996;-0,008421871;0,1649456;32,89765;14,38106;32,9058;14,38319
5,199996;-0,008209302;0,1304759;32,87379;14,47319;32,88173;14,47527
5,219995;-0,008067503;0,06112448;32,84985;14,56533;32,85765;14,56737
5,239995;-0,007929632;0,05857487;32,82591;14,65747;32,83358;14,65947
5,259995;-0,007289237;0,5675026;32,80198;14,74956;32,80902;14,75146
5,279995;-0,006399462;0,8257802;32,77811;14,84164;32,78429;14,8433
5,299995;-0,006016624;0,3226722;32,75375;14,93361;32,75956;14,93517
5,319995;-0,005645082;0,3150916;32,72937;15,02561;32,73482;15,02707
5,339995;-0,005175003;0,4183287;32,7051;15,11756;32,7101;15,1189
5,359995;-0,004732192;0,3954891;32,68084;15,20939;32,68541;15,21062
5,379995;-0,004282768;0,4065971;32,65656;15,30133;32,66069;15,30244
5,399995;-0,003894993;0,3488255;32,63219;15,39331;32,63596;15,39432
5,419995;-0,003130936;0,7327477;32,60789;15,48509;32,61091;15,48593
5,439995;-0,002299859;0,8080781;32,58329;15,57701;32,58551;15,57763
5,459995;-0,00164618;0,6372182;32,5585;15,66898;32,56009;15,66941
5,479995;-0,001531675;0,09918789;32,53316;15,76088;32,53464;15,76128
5,499995;-0,001599008;-0,08332251;32,50766;15,85267;32,5092;15,85309
5,519995;-0,001797076;-0,2160393;32,48206;15,94436;32,4838;15,94484
5,539995;-0,002026332;-0,2495193;32,45646;16,03593;32,45841;16,03647
5,559995;-0,002268921;-0,2652783;32,43081;16,12763;32,43299;16,12824
5,579995;-0,002256818;-0,01046564;32,40517;16,21927;32,40734;16,21989
5,599995;-0,001811958;0,4267409;32,37955;16,31088;32,38129;16,31138
5,619995;-0,001352938;0,4454907;32,35394;16,4025;32,35524;16,40287
5,639995;-0,0009012595;0,4426661;32,32832;16,49412;32,32918;16,49437
5,659995;-0,0004480105;0,4487692;32,3027;16,58574;32,30313;16,58587
5,679995;-3,667088E-06;0,4443069;32,27707;16,67736;32,27707;16,67736
5,699995;0,0004406758;0,4487498;32,25144;16,76899;32,25101;16,76887
5,719995;0,0008766304;0,4447211;32,2258;16,86061;32,22496;16,86037
5,739995;0,001445696;0,5835225;32,20016;16,95223;32,19877;16,95183
5,759995;0,002548216;1;32,17451;17,04383;32,17207;17,04311
5,779995;0,00327446;0,7589884;32,14848;17,13543;32,14534;17,13451
5,799995;0,003477249;0,2375615;32,12194;17,22687;32,11861;17,22589
5,819995;0,003191681;-0,2536505;32,09494;17,31815;32,09188;17,31725
5,839995;0,002662423;-0,502634;32,06771;17,40938;32,06515;17,40864
5,859995;0,00210701;-0,5343432;32,04045;17,50057;32,03843;17,49997
5,879995;0,001494981;-0,5970796;32,01309;17,59194;32,01165;17,59152
5,899995;0,0009298954;-0,5557868;31,98585;17,68296;31,98496;17,6827
5,919995;0,001229142;0,3115379;31,95878;17,77418;31,9576;17,77383
5,939995;0,001519987;0,3060453;31,93166;17,86551;31,9302;17,86507
5,959995;0,001800602;0,2986206;31,90453;17,95685;31,9028;17,95633
5,979995;0,002082491;0,3027142;31,87742;18,04809;31,87543;18,0475
5,999995;0,002364926;0,3060843;31,85034;18,1393;31,84807;18,13862
6,019995;0,002661073;0,3227582;31,82327;18,23048;31,82072;18,22971
6,039995;0,002965244;0,333823;31,79627;18,32146;31,79343;18,32061
6,059995;0,003270519;0,3379807;31,76918;18,41275;31,76605;18,4118
6,079995;0,004151396;0,9223909;31,74211;18,50396;31,73814;18,50274
6,099995;0,00481385;0,7105936;31,71473;18,59511;31,71013;18,59369
6,119995;0,005117312;0,3546349;31,68699;18,6862;31,6821;18,6847
6,139995;0,005056448;-0,01029933;31,65892;18,77713;31,65409;18,77564
6,159995;0,00479758;-0,2108929;31,63065;18,86804;31,62607;18,86663
6,179995;0,004510383;-0,2420929;31,60237;18,95889;31,59806;18,95757
6,199995;0,004211691;-0,2565751;31,57406;19,04979;31,57004;19,04855
6,219995;0,003904701;-0,2679431;31,54576;19,14063;31,54203;19,13948
6,239995;0,004063318;0,19925;31,51747;19,23145;31,51359;19,23023
6,259995;0,00443561;0,4166487;31,48919;19,32228;31,48495;19,32095
6,279994;0,004814402;0,4269359;31,46091;19,41311;31,45631;19,41166
6,299994;0,005185438;0,4228907;31,43262;19,50394;31,42768;19,50238
6,319994;0,005556379;0,4265041;31,40433;19,59477;31,39903;19,5931
6,339994;0,005945498;0,4485748;31,37605;19,68564;31,37038;19,68386
6,359994;0,006307349;0,4249241;31,34776;19,77645;31,34175;19,77454
6,379994;0,006690427;0,449983;31,31948;19,86732;31,3131;19,86531
6,399994;0,007414314;0,7980302;31,29119;19,95817;31,28414;19,95589
6,419994;0,008206876;0,8746311;31,26266;20,04895;31,25486;20,04642
6,439994;0,008679777;0,5596994;31,23383;20,13964;31,22557;20,13697
6,459994;0,008630938;0,03746987;31,20448;20,23024;31,19626;20,22758
6,479994;0,008276847;-0,2713224;31,17485;20,32069;31,16697;20,31815
6,499994;0,00785038;-0,3479639;31,14515;20,41114;31,13768;20,40873
6,519994;0,00741307;-0,363179;31,11545;20,50153;31,1084;20,49924
6,539994;0,006976351;-0,3669562;31,08577;20,59189;31,07913;20,58974
6,559994;0,006771039;-0,1376011;31,0561;20,68222;31,04967;20,68009
6,579994;0,007012307;0,3113907;31,02644;20,77254;31,01978;20,77034
6,599994;0,007211965;0,271778;30,99676;20,86282;30,98991;20,86056
6,619994;0,007424267;0,2865452;30,96711;20,95301;30,96007;20,95067
6,639994;0,007632958;0,2850204;30,9374;21,04339;30,93016;21,04099
6,659994;0,007839834;0,2852745;30,9077;21,13376;30,90025;21,1313
6,679994;0,008044898;0,2855123;30,87798;21,22414;30,87035;21,22161
6,699994;0,00824513;0,2826839;30,84826;21,31453;30,84044;21,31194
6,719994;0,008558882;0,3993413;30,81854;21,40491;30,81044;21,40216
6,739994;0,009416588;0,9518715;30,78882;21,49529;30,7799;21,49226
6,759994;0,009949783;0,6326933;30,75878;21,58559;30,74936;21,5824
6,779994;0,01014279;0,2944343;30,72841;21,67583;30,7188;21,67258
6,799994;0,0100626;0,020441;30,69779;21,76593;30,68826;21,7627
6,819994;0,009829754;-0,1345527;30,66701;21,85603;30,6577;21,85288
6,839994;0,009573385;-0,1606351;30,63623;21,94608;30,62716;21,943
6,859994;0,009307988;-0,1723174;30,60542;22,03616;30,59661;22,03317
6,879994;0,009039526;-0,178067;30,57463;22,12618;30,56609;22,12322
6,899994;0,00942255;0,4772497;30,54384;22,21619;30,53494;22,21311
6,919994;0,009822483;0,4981582;30,51307;22,3062;30,50379;22,30299
6,939994;0,01021701;0,4966943;30,48229;22,39622;30,47264;22,39287
6,959994;0,01060848;0,4975542;30,45151;22,48623;30,44148;22,48275
6,979994;0,01099328;0,4947397;30,42072;22,57625;30,41033;22,57265
6,999994;0,0113184;0,4382986;30,3898;22,66643;30,37911;22,66272
7,019994;0,01164045;0,4384569;30,359;22,7563;30,348;22,75249
7,039994;0,01197041;0,4496681;30,32817;22,84624;30,31686;22,84232
7,059994;0,01284589;1;30,29735;22,9362;30,28524;22,93191
7,079994;0,01345637;0,7450421;30,26616;23,02604;30,25348;23,02154
7,099994;0,01373632;0,4173171;30,23465;23,11582;30,2217;23,11123
7,119994;0,01349986;-0,1014652;30,2026;23,20558;30,18987;23,20107
7,139994;0,01300936;-0,36041;30,17029;23,29528;30,15803;23,29094
7,159994;0,0124978;-0,3865772;30,13806;23,38471;30,12628;23,38054
7,179994;0,01197713;-0,4008969;30,10576;23,47433;30,09447;23,47033
7,199994;0,01145107;-0,4115508;30,07348;23,56384;30,06269;23,56002
7,219994;0,01135882;0,02133883;30,04122;23,65334;30,03054;23,64947
7,239994;0,01149572;0,251857;30,00896;23,74283;29,99816;23,73891
7,259994;0,01163994;0,2606185;29,97672;23,83232;29,96577;23,82836
7,279994;0,01177927;0,2571214;29,94446;23,92182;29,93339;23,91781
7,299994;0,01191631;0,2562017;29,91221;24,01131;29,901;24,00726
7,319993;0,01205155;0,2557604;29,87995;24,10081;29,86862;24,0967
7,339993;0,01217619;0,2464018;29,84768;24,19031;29,83623;24,18616
7,359993;0,01230182;0,2486415;29,81541;24,2798;29,80384;24,27561
7,379993;0,01273923;0,5648049;29,78314;24,3693;29,77119;24,36488
7,399993;0,01361989;1;29,75097;24,45883;29,7382;24,4541
7,419993;0,01398425;0,5042002;29,71829;24,54824;29,70518;24,54339
7,439993;0,0140434;0,1995889;29,68534;24,63752;29,67217;24,63265
7,459993;0,0139427;0,03872868;29,65225;24,72669;29,63918;24,72186
7,479993;0,01375184;-0,05334976;29,61902;24,81601;29,60612;24,81124
7,499993;0,0135462;-0,07017316;29,58581;24,90521;29,57311;24,90051
7,519993;0,01332942;-0,08348894;29,5526;24,9944;29,5401;24,98978
7,539993;0,01332265;0,1264623;29,5194;25,08356;29,50694;25,07885
7,559993;0,01376311;0,5780891;29,48621;25,17272;29,47333;25,16786
7,579993;0,01426049;0,6399863;29,45308;25,26189;29,43973;25,25686
7,599993;0,01438083;0,2641473;29,41959;25,35092;29,40614;25,34583
7,619993;0,01470921;0,4754747;29,38629;25,44004;29,37253;25,43484
7,639993;0,01504091;0,4821054;29,35301;25,52914;29,33893;25,52383
7,659993;0,01537309;0,4859124;29,31972;25,61824;29,30534;25,61281
7,679993;0,0157012;0,4851198;29,28644;25,70731;29,27175;25,70177
7,699993;0,01606684;0,5263076;29,25312;25,79633;29,23813;25,79056
7,719993;0,01699585;1;29,21985;25,88525;29,204;25,87914
7,739993;0,01754416;0,7237599;29,18614;25,97427;29,16977;25,96796
7,759993;0,01768836;0,3210841;29,15202;26,0632;29,13552;26,05684
7,779993;0,01731862;-0,1965621;29,1174;26,15202;29,10124;26,1458
7,799993;0,01686657;-0,2833761;29,08273;26,24074;29,06699;26,23467
7,819993;0,016354;-0,3490378;29,04811;26,32916;29,03285;26,32327
7,839993;0,01582947;-0,3662339;29,01339;26,4178;28,99862;26,41212
7,859993;0,0152988;-0,3776761;28,97868;26,50641;28,9644;26,50092
7,879993;0,01539175;0,2468617;28,94398;26,59499;28,92965;26,58936
7,899993;0,01552142;0,2848832;28,9093;26,68356;28,89485;26,67789
7,919993;0,01565171;0,286812;28,87461;26,77215;28,86004;26,76642
7,939993;0,01577782;0,283883;28,83992;26,86073;28,82524;26,85495
7,959993;0,01589612;0,2772596;28,80523;26,94931;28,79043;26,94349
7,979993;0,01601333;0,2773515;28,77053;27,03789;28,75562;27,03203
7,999993;0,01612526;0,273179;28,73582;27,12647;28,72082;27,12057
8,019993;0,01623219;0,2692508;28,70112;27,21505;28,68601;27,20911
8,039993;0,01684896;0,785262;28,6664;27,30363;28,65077;27,29736
8,059994;0,0173806;0,7054499;28,63149;27,39214;28,61535;27,38567
8,079994;0,01768415;0,4803857;28,59634;27,48062;28,57992;27,47404
8,099995;0,01758392;0,07560647;28,56078;27,56903;28,54446;27,56248
8,119995;0,01734624;-0,06421119;28,52514;27,65728;28,50904;27,65083
8,139996;0,01712026;-0,05478483;28,48948;27,74562;28,47359;27,73925
8,159996;0,0168946;-0,05670607;28,45385;27,83387;28,43817;27,82758
8,179996;0,01668068;-0,04711246;28,41824;27,9221;28,40276;27,91589
8,199997;0,0168739;0,3619587;28,38264;28,01033;28,36703;28,00394
8,219997;0,01730033;0,5994338;28,34704;28,09855;28,33102;28,092
8,239998;0,01755471;0,4299193;28,31128;28,1867;28,29503;28,18005
8,259998;0,01798039;0,6054931;28,27572;28,27481;28,25908;28,26801
8,279999;0,01835159;0,5547114;28,24006;28,36303;28,22307;28,35609
8,299999;0,01865192;0,4868485;28,20429;28,45132;28,18702;28,44427
8,32;0,01902133;0,5596282;28,16861;28,53958;28,151;28,53238
8,34;0,0191984;0,3690471;28,13276;28,62775;28,11499;28,62048
8,360001;0,01965183;0,6499534;28,09686;28,71599;28,07871;28,70844
8,380001;0,0203671;0,9189345;28,06094;28,80405;28,04214;28,79621
8,400002;0,02079817;0,6390538;28,02468;28,89219;28,00548;28,88419
8,420002;0,02074711;0,1564141;27,98801;28,98006;27,96886;28,97208
8,440002;0,02036211;-0,1813766;27,95104;29,06778;27,93225;29,05994
8,460003;0,01982789;-0,3359447;27,91393;29,15546;27,89563;29,14783
8,480003;0,0192671;-0,3681177;27,87682;29,24307;27,85903;29,23566
8,500004;0,01870251;-0,3775709;27,83968;29,33073;27,82242;29,32353
8,520004;0,01831402;-0,2053444;27,80256;29,41833;27,7857;29,41117
8,540005;0,01838592;0,2557611;27,76545;29,50592;27,74853;29,49873
8,560005;0,01849139;0,2903825;27,72836;29,59356;27,71134;29,58633
8,580006;0,01857253;0,266864;27,69127;29,68112;27,67417;29,67387
8,600006;0,0186782;0,2924499;27,65417;29,76876;27,63698;29,76146
8,620007;0,01878087;0,2904834;27,61709;29,85637;27,5998;29,84904
8,640007;0,01888428;0,2922532;27,58001;29,94398;27,56262;29,9366
8,660007;0,01899019;0,2958101;27,54292;30,03159;27,52544;30,02417
8,680008;0,01916654;0,3680133;27,50584;30,1192;27,48825;30,1116
8,700008;0,01991015;0,9427164;27,46876;30,2068;27,45049;30,19889
8,720009;0,02020267;0,4945478;27,43126;30,29425;27,41271;30,28623
8,740009;0,02034117;0,3419069;27,39361;30,38165;27,37494;30,37358
8,76001;0,02027506;0,1366453;27,35578;30,46895;27,33717;30,4609
8,78001;0,02021193;0,1389868;27,31799;30,55617;27,29944;30,54814
8,800011;0,02014552;0,1350407;27,28023;30,64332;27,26173;30,63532
8,820011;0,02002031;0,07499792;27,24235;30,73057;27,22398;30,72262
8,840012;0,01989228;0,07089011;27,20456;30,81762;27,1863;30,80972
8,860012;0,02036287;0,6742169;27,16667;30,90491;27,14803;30,89671
8,880013;0,02068495;0,5289326;27,12863;30,99208;27,1097;30,98374
8,900013;0,02101533;0,5405383;27,09056;31,07933;27,07133;31,07085
8,920013;0,02129808;0,4957305;27,05245;31,16654;27,03296;31,15795
8,940014;0,02149598;0,4128585;27,01425;31,25375;26,99458;31,24508
8,960014;0,02161119;0,3313203;26,97595;31,34098;26,95618;31,33227
8,980015;0,0217078;0,3136916;26,93768;31,42812;26,91782;31,41936
9,000015;0,02179665;0,3068166;26,89939;31,51527;26,87944;31,50648
9,020016;0,02235973;0,7866676;26,8611;31,60238;26,8407;31,59323
9,040016;0,02285031;0,7190849;26,82261;31,6894;26,80177;31,68005
9,060017;0,02310166;0,4823732;26,78388;31,77638;26,7628;31,76693
9,080017;0,02305617;0,1850684;26,7449;31,86319;26,72386;31,85375
9,100018;0,02307842;0,2530373;26,70597;31,95006;26,68491;31,94061
9,120018;0,02280011;-0,05031548;26,66676;32,0368;26,64596;32,02747
9,140018;0,02250143;-0,07366659;26,62754;32,12352;26,60701;32,11432
9,160019;0,02220256;-0,07683589;26,58834;32,21019;26,56808;32,20111
9,180019;0,02227847;0,2986931;26,54913;32,29687;26,52887;32,28761
9,20002;0,0226185;0,5662166;26,50994;32,38355;26,48936;32,37416
9,22002;0,0227208;0,3295083;26,47044;32,47031;26,44977;32,46088
9,240021;0,02299736;0,5065318;26,43124;32,55685;26,41032;32,54729
9,260021;0,02326192;0,4971726;26,39193;32,6436;26,37077;32,63393
9,280022;0,0235282;0,501564;26,35265;32,73026;26,33125;32,72049
9,300022;0,02379793;0,5077147;26,31339;32,81691;26,29174;32,80702
9,320023;0,02407126;0,5140391;26,27414;32,90354;26,25224;32,89355
9,340023;0,02462404;0,7990253;26,23491;32,99017;26,21257;32,97979
9,360023;0,02531705;0,9461735;26,19554;33,07654;26,17258;33,06587
9,380024;0,02569246;0,632339;26,15572;33,16314;26,13242;33,15231
9,400024;0,02546052;0,02266105;26,11538;33,24941;26,09229;33,23869
9,420025;0,02481189;-0,4005103;26,07467;33,33548;26,05217;33,32503
9,440025;0,02400447;-0,5673769;26,03381;33,4215;26,01204;33,41138
9,460026;0,0233337;-0,4374279;25,99313;33,50746;25,97197;33,49763
9,480026;0,02250243;-0,6062522;25,95225;33,59349;25,93184;33,584
9,500027;0,0217822;-0,5024073;25,91139;33,67933;25,8917;33,67002
9,520027;0,02170527;0,1401235;25,87064;33,76535;25,85102;33,75607
9,540028;0,02160467;0,1154527;25,82987;33,85135;25,81034;33,84211
9,560028;0,02149554;0,1058173;25,7891;33,93732;25,76967;33,92814
9,580029;0,02138285;0,1011421;25,74832;34,02333;25,72898;34,01419
9,600029;0,02125818;0,08791682;25,70754;34,10929;25,68832;34,1002
9,620029;0,0211336;0,08675107;25,66676;34,19525;25,64766;34,18621
9,64003;0,02100384;0,08027904;25,62598;34,2812;25,607;34,27222
9,66003;0,02091785;0,1231913;25,5852;34,36715;25,56635;34,35809
9,680031;0,02144508;0,7416727;25,54442;34,45315;25,5251;34,44386
9,700031;0,02175556;0,5280438;25,50346;34,53903;25,48385;34,5296
9,720032;0,021991;0,4553503;25,46245;34,62484;25,44263;34,61531
9,740032;0,0221752;0,4059472;25,42138;34,71066;25,4014;34,70104
9,760033;0,02227262;0,32015;25,38019;34,79653;25,36012;34,78688
9,780033;0,02237494;0,3260702;25,33901;34,88239;25,31884;34,8727
9,800034;0,02247205;0,3218314;25,29785;34,96819;25,2776;34,95844
9,820034;0,02256412;0,3177081;25,2567;35,05395;25,23637;35,04417
9,840034;0,02323297;0,901176;25,21556;35,1397;25,19469;35,12949
9,860035;0,02350764;0,5097477;25,174;35,22528;25,15289;35,21495
9,880035;0,02366285;0,3918447;25,13232;35,31085;25,11106;35,30045
9,900036;0,02366802;0,241851;25,09058;35,39618;25,06932;35,38578
9,920036;0,02363728;0,2056298;25,0488;35,48152;25,02757;35,47113
9,940037;0,02360654;0,2053187;25,00696;35,56698;24,98575;35,5566
9,960037;0,02352292;0,1516113;24,96508;35,65238;24,94395;35,64204
9,980038;0,02343247;0,1438746;24,92324;35,73771;24,90219;35,72741
10,00004;0,02380362;0,609187;24,88132;35,82318;24,86001;35,81258
10,02004;0,0242199;0,6584855;24,83933;35,90852;24,81765;35,89773
10,04004;0,0245901;0,6161;24,79725;35,99393;24,77524;35,98297
10,06004;0,02479994;0,4578376;24,75504;36,07925;24,73283;36,0682
10,08004;0,02482211;0,2703884;24,71266;36,16448;24,69043;36,15343
10,10004;0,02472996;0,1551508;24,67016;36,24969;24,64802;36,23868
10,12004;0,02461392;0,1300982;24,62767;36,33484;24,60563;36,32388
10,14004;0,02448935;0,1203235;24,58515;36,42002;24,56322;36,40911
10,16004;0,02471143;0,4691919;24,54264;36,50515;24,52059;36,494
10,18004;0,02521985;0,7606188;24,50016;36,59027;24,47765;36,57888
10,20004;0,02550817;0,5434043;24,45746;36,6753;24,4347;36,66379
10,22004;0,0256907;0,439437;24,41466;36,76032;24,39173;36,74873
10,24004;0,02578454;0,3516855;24,37181;36,84524;24,3488;36,8336
10,26004;0,02577764;0,2508753;24,32881;36,93023;24,3058;36,91859
10,28004;0,0257538;0,2337017;24,28582;37,01515;24,26284;37,00352
10,30005;0,02572134;0,2247531;24,24282;37,10008;24,21987;37,08846
10,32005;0,02588656;0,4240823;24,19971;37,18511;24,17669;37,17327
10,34005;0,02643595;0,8137525;24,15674;37,26985;24,13323;37,25776
10,36005;0,02671055;0,541708;24,11351;37,35453;24,08975;37,34232
10,38005;0,02694264;0,5015102;24,07021;37,43922;24,04625;37,4269
10,40005;0,02698188;0,3090629;24,02667;37,52397;24,00267;37,51163
10,42005;0,02712347;0,41282;23,98319;37,60882;23,95907;37,59641
10,44005;0,02698527;0,1316593;23,93948;37,6935;23,91548;37,68116
10,46005;0,02685899;0,1423043;23,89585;37,77807;23,87196;37,76579
10,48005;0,026877;0,2867799;23,85232;37,86243;23,8285;37,84998
10,50005;0,02739572;0,7926836;23,80866;37,94706;23,78439;37,93436
10,52005;0,02767042;0,5513998;23,76482;38,03152;23,74029;38,01871
10,54005;0,02780695;0,4146033;23,72083;38,11596;23,69618;38,10307
10,56005;0,02782915;0,3004887;23,67678;38,20026;23,65212;38,18736
10,58005;0,02775406;0,2024536;23,63259;38,28462;23,608;38,27176
10,60005;0,02766182;0,18438;23,58842;38,36892;23,5639;38,3561
10,62005;0,02755429;0,1680086;23,54422;38,45323;23,5198;38,44047
10,64005;0,02747646;0,1969377;23,50003;38,5375;23,47577;38,5246
10,66005;0,02799519;0,7986745;23,45585;38,62175;23,43113;38,60862
10,68005;0,02828881;0,5765138;23,41146;38,70592;23,38648;38,69264
10,70005;0,02841157;0,4068715;23,36691;38,79004;23,34182;38,77671
10,72005;0,02840471;0,2771945;23,32226;38,87404;23,29718;38,86072
10,74006;0,02827668;0,1547285;23,27747;38,95807;23,2525;38,94481
10,76006;0,02813505;0,1397242;23,23269;39,04205;23,20784;39,02885
10,78006;0,02800711;0,1521278;23,18789;39,12609;23,16315;39,11295
10,80006;0,02784505;0,116391;23,14311;39,21001;23,11852;39,19694
10,82006;0,02827353;0,7112222;23,09833;39,29399;23,07345;39,28056
10,84006;0,02857571;0,5879285;23,05339;39,37786;23,02824;39,36428
10,86006;0,02880128;0,5135829;23,00838;39,46167;22,98305;39,44798
10,88006;0,02890176;0,3895055;22,96325;39,54546;22,93782;39,53172
10,90006;0,02912355;0,5130188;22,91822;39,62932;22,89259;39,61549
10,92006;0,02921925;0,387899;22,87306;39,71315;22,84735;39,69926
10,94006;0,02914402;0,2162061;22,82779;39,79681;22,80215;39,78297
10,96006;0,02906709;0,2137455;22,78254;39,88046;22,75696;39,86665
10,98006;0,02944958;0,6769789;22,73729;39,9641;22,71147;39,94994
11,00006;0,02966485;0,5119182;22,69174;40,04756;22,66574;40,03329
11,02006;0,03000462;0,6398189;22,64629;40,13109;22,61999;40,11665
11,04006;0,03018394;0,4811619;22,60073;40,2145;22,57426;40,19998
11,06006;0,03032548;0,4447935;22,55507;40,298;22,52848;40,28342
11,08006;0,03052516;0,5049366;22,50946;40,38153;22,4827;40,36685
11,10006;0,03065164;0,4329938;22,46383;40,46495;22,43696;40,4502
11,12006;0,030561;0,2149699;22,41795;40,54838;22,39116;40,53368
11,14006;0,03080379;0,5508226;22,37209;40,63176;22,34518;40,61675
11,16006;0,03135014;0,8598508;22,32624;40,7151;22,29886;40,69984
11,18007;0,03160284;0,5687336;22,28012;40,79836;22,25252;40,78297
11,20007;0,03163173;0,3452069;22,23379;40,88152;22,20616;40,86612
11,22007;0,03149019;0,1733594;22,18733;40,96455;22,15982;40,94922
11,24007;0,03123581;0,05797841;22,14073;41,04761;22,11345;41,03239
11,26007;0,03096065;0,03444524;22,09415;41,1306;22,06711;41,11552
11,28007;0,03067216;0,01823878;22,04754;41,21361;22,02075;41,19867
11,30007;0,0306088;0,2427226;22,00095;41,29657;21,97432;41,28148
11,32007;0,03096373;0,6645701;21,95437;41,37952;21,92743;41,36427
11,34007;0,03116365;0,5115543;21,90767;41,46238;21,88055;41,44702
11,36007;0,03136732;0,5173404;21,86094;41,54528;21,83365;41,52982
11,38007;0,03155161;0,49981;21,81421;41,62817;21,78675;41,61263
11,40007;0,03180637;0,5728215;21,76746;41,7112;21,73979;41,69553
11,42007;0,03178386;0,2953342;21,72056;41,79397;21,69291;41,77831
11,44007;0,03172065;0,2539883;21,6735;41,87692;21,6459;41,86129
11,46007;0,03178049;0,3776518;21,62656;41,95966;21,59902;41,94381
11,48007;0,03235445;0,897504;21,57962;42,04239;21,55158;42,02626
11,50007;0,03262489;0,5966902;21,53242;42,12496;21,50414;42,10869
11,52007;0,03272022;0,4225287;21,48505;42,20748;21,45669;42,19116
11,54007;0,03252716;0,1322158;21,43736;42,28998;21,40917;42,27376
11,56007;0,0321718;-0,03364127;21,3895;42,37244;21,36161;42,3564
11,58007;0,0318266;-0,02693441;21,34167;42,45487;21,31409;42,439
11,60007;0,03146436;-0,04759628;21,29399;42,537;21,26672;42,52131
11,62008;0,03110473;-0,04858678;21,24618;42,61936;21,21932;42,60367
11,64008;0,03137825;0,5873027;21,1984;42,70165;21,17131;42,68582
11,66008;0,03165917;0,5975122;21,15064;42,78392;21,12331;42,76794
11,68008;0,03176352;0,4219881;21,10272;42,86612;21,0753;42,85008
11,70008;0,03197357;0,5297863;21,05487;42,9484;21,02726;42,93227
11,72008;0,03213225;0,4800013;21,007;43,03062;20,97926;43,0144
11,74008;0,03228298;0,4735588;20,9591;43,11288;20,93122;43,09659
11,76008;0,03242654;0,467827;20,91121;43,1951;20,88321;43,17873
11,78008;0,03256516;0,4642697;20,86332;43,27731;20,83521;43,26087
11,80008;0,03324753;1;20,81542;43,35951;20,78684;43,34254
11,82008;0,03369016;0,7795371;20,76722;43,44158;20,73825;43,42439
11,84008;0,03366629;0,3127875;20,71859;43,52346;20,68964;43,50627
11,86008;0,03316678;-0,1678342;20,66957;43,60504;20,64105;43,58811
11,88008;0,03242782;-0,4146856;20,62034;43,68653;20,59245;43,66998
11,90008;0,03168065;-0,4303603;20,57109;43,76801;20,54385;43,75184
11,92008;0,03090405;-0,4675655;20,52185;43,84944;20,49528;43,83366
11,94008;0,03014445;-0,4581574;20,47261;43,9309;20,44669;43,91551
11,96008;0,02982963;-0,01651876;20,4234;44,01232;20,39785;43,99692
11,98008;0,02974101;0,2087891;20,37421;44,09373;20,34874;44,07837
12,00008;0,02966382;0,2194464;20,32502;44,17516;20,29962;44,15984
12,02008;0,02958137;0,2133674;20,27584;44,25658;20,2505;44,24131
12,04008;0,0295068;0,2204989;20,22666;44,33799;20,20139;44,32275
12,06009;0,02943121;0,2187129;20,17749;44,4194;20,15228;44,40421
12,08009;0,0293592;0,2215839;20,12833;44,5008;20,10319;44,48564
12,10009;0,009190089;-1;20,05977;44,57545;20,0519;44,5707
12,12009;0,02444638;1;20,03207;44,65048;20,01122;44,63771
12,14009;0,05208941;1;20,00539;44,74697;19,96097;44,71977
12,16009;0,001020991;-1;19,91943;44,78956;19,91857;44,78902
12,18009;-0,05310482;-1;19,8362;44,82184;19,88149;44,84957
12,20009;-0,03767876;1;19,80833;44,8969;19,84046;44,91658
12,22009;-0,01014008;1;19,78158;44,99333;19,79022;44,99863
12,24009;-0,06111746;-1;19,69571;45,03593;19,74784;45,06784
12,26009;-0,1153167;-1;19,61242;45,06818;19,71076;45,1284
12,28009;-0,0999475;1;19,58449;45,14322;19,66973;45,19542
12,30009;-0,07239658;1;19,55769;45,23964;19,61917;45,27786
12,32009;-0,1228678;-1;19,47179;45,28219;19,57614;45,34707
12,34009;-0,1766001;-1;19,38849;45,31441;19,53846;45,40766
12,36009;-0,1607263;1;19,36053;45,38943;19,49702;45,4743
12,38009;-0,1326048;1;19,3337;45,48584;19,44631;45,55585
12,40009;-0,1831091;-1;19,24778;45,52836;19,40328;45,62505
12,42009;-0,2368687;-1;19,16446;45,56055;19,36561;45,68563
12,44009;-0,2210217;1;19,13648;45,63556;19,32417;45,75227
12,46009;-0,1929348;1;19,10961;45,73196;19,27345;45,83384
12,48009;-0,2434652;-1;19,02368;45,77445;19,23044;45,90302
12,5001;-0,2969792;-1;18,94035;45,80661;19,19146;45,96516
12,5201;-0,2806202;1;18,91234;45,88161;19,14962;46,03143
12,5401;-0,2519082;1;18,88544;45,978;19,09843;46,1125
12,5601;-0,3019019;-1;18,79949;46,02046;19,05476;46,18165
12,5801;-0,3552343;-1;18,71614;46,05258;19,01651;46,24224
12,6001;-0,3388902;1;18,68811;46,12758;18,97466;46,30852
12,6201;-0,310205;1;18,66117;46,22396;18,92347;46,38958
12,6401;-0,3602365;-1;18,57521;46,2664;18,8798;46,45873
12,6601;-0,413588;-1;18,49184;46,29848;18,84155;46,5193
12,6801;-0,3972609;1;18,4638;46,37348;18,7997;46,58559
12,7001;-0,3679452;1;18,43685;46,46985;18,74659;46,66846
12,7201;-0,417431;-1;18,35087;46,51227;18,70227;46,73758
12,7401;-0,4703028;-1;18,2675;46,54434;18,66341;46,79819
12,7601;-0,4534403;1;18,23944;46,61934;18,62116;46,86408
12,7801;-0,4241291;1;18,21247;46,7157;18,56952;46,94463
12,8001;-0,4736281;-1;18,12649;46,7581;18,5252;47,01374
12,8201;-0,5264891;-1;18,04313;46,79017;18,48634;47,07435
12,8401;-0,5096678;1;18,01505;46,86514;18,4441;47,14024
12,8601;-0,4803766;1;17,98805;46,9615;18,39244;47,22079
12,8801;-0,5294827;-1;17,90206;47,00388;18,34579;47,29278
12,9001;-0,5818663;-1;17,8187;47,03593;18,30632;47,35341
12,9201;-0,5645164;1;17,79059;47,11089;18,26367;47,41891
12,94011;-0,5345846;1;17,76357;47,20725;18,21157;47,49893
12,96011;-0,5835462;-1;17,67757;47,24961;18,1666;47,56801
12,98011;-0,6359445;-1;17,59419;47,28164;18,12713;47,62862
13,00011;-0,6258447;1;17,5565;47,35804;18,08097;47,69952
13,02011;-0,5591971;1;17,57962;47,44468;18,04824;47,74979
13,04011;0,4673949;1;17,64709;47,5093;18,03878;47,76432
13,06011;0,3725774;-1;17,7363;47,54605;18,04853;47,74934
13,08011;0,2935063;-1;17,83004;47,547;18,07601;47,70714
13,10011;0,2529762;-1;17,90811;47,50137;18,12012;47,6394
13,12011;0,2729008;1;17,93738;47,4199;18,16608;47,5688
13,14011;0,3441645;1;17,90837;47,33385;18,19679;47,52163
13,16011;-0,4371524;-1;17,83926;47,26957;18,20561;47,50809
13,18011;-0,5284342;-1;17,75001;47,23935;18,19286;47,52767
13,20011;-0,6014783;-1;17,65645;47,24917;18,16051;47,57735
13,22011;-0,6423023;-1;17,5761;47,29778;18,11437;47,64823
13,24011;-0,6424868;-1;17,52478;47,37624;18,06321;47,7268
13,26011;-0,6014435;1;17,51329;47,46913;18,01732;47,79729
13,28011;-0,5277544;1;17,54313;47,55834;17,98541;47,8463
13,30011;-0,4361571;1;17,60719;47,62783;17,9727;47,86581
13,32011;0,3426334;1;17,69363;47,66647;17,98077;47,85342
13,34011;0,2618833;-1;17,78847;47,6688;18,00794;47,81169
13,36012;0,205887;-1;17,87726;47,63506;18,0498;47,7474
13,38012;0,1824231;-1;17,94721;47,57063;18,10009;47,67016
13,40012;0,1943185;1;17,98878;47,48497;18,15162;47,591
13,42012;0,2393331;1;17,99694;47,38994;18,19751;47,52052
13,44012;0,3109798;1;17,97139;47,29787;18,232;47,46754
13,46012;0,3999945;1;17,916;47,21981;18,25121;47,43806
13,48012;-0,4957768;-1;17,83777;47,16441;18,25325;47,43491
13,50012;-0,5877479;-1;17,74571;47,13724;18,23826;47,45793
13,52012;-0,6664456;-1;17,64965;47,14054;18,20816;47,50417
13,54012;-0,72439;-1;17,55917;47,17332;18,16623;47,56857
13,56012;-0,7566007;-1;17,48261;47,23187;18,11667;47,64468
13,58012;-0,7607971;-1;17,4265;47,31037;18,06407;47,72548
13,60012;-0,7372874;1;17,39507;47,40173;18,01294;47,80401
13,62012;-0,6886379;1;17,39021;47,49835;17,96732;47,87408
13,64012;-0,6188505;1;17,4116;47,59282;17,92785;47,9341
13,66012;-0,5337087;1;17,45701;47,67853;17,90223;47,97285
13,68012;-0,439454;1;17,52278;47,74995;17,88938;47,99229
13,70012;0,3422406;1;17,60424;47,80301;17,88974;47,99174
13,72012;0,2478821;-1;17,69611;47,83514;17,9029;47,97183
13,74012;0,1614777;-1;17,79303;47,84521;17,92774;47,93426
13,76012;0,0871109;-1;17,88987;47,83339;17,96287;47,88091
13,78012;0,02761975;-1;17,98198;47,80094;18,00513;47,81601
13,80013;-0,01452827;-1;18,06543;47,75001;18,05326;47,74208
13,82013;-0,03820367;-1;18,13709;47,68335;18,10507;47,66251
13,84013;-0,04319035;-1;18,19465;47,60407;18,15846;47,58051
13,86013;-0,03001372;1;18,23664;47,51544;18,21149;47,49906
13,88013;0,0001439276;1;18,26234;47,42068;18,26246;47,42076
13,90013;0,0456731;1;18,27171;47,32285;18,30998;47,34777
13,92013;0,1046488;1;18,26525;47,22468;18,35295;47,28178
13,94013;0,1748482;1;18,24388;47,12855;18,39108;47,22292
13,96013;0,2540864;1;18,20883;47,03642;18,42273;47,17356
13,98013;0,340663;1;18,1615;46,94983;18,44828;47,13371
14,00013;0,4326814;1;18,10341;46,86995;18,46765;47,1035
14,02013;0,5284314;1;18,03608;46,79757;18,48092;47,08279
14,04013;0,6264236;1;17,961;46,73312;18,48834;47,07124
14,06013;-0,7254025;-1;17,87955;46,67677;18,49021;47,06831
14,08013;-0,8243372;-1;17,793;46,62847;18,48694;47,07342
14,10013;-0,9180092;-1;17,70634;46,59008;18,47914;47,08559
14,12013;-1,010226;-1;17,61667;46,55907;18,4671;47,10435
14,14013;-1,099926;-1;17,5253;46,53539;18,45124;47,12909
14,16013;-1,187273;-1;17,43237;46,51849;18,43184;47,15934
14,18013;-1,27188;-1;17,3386;46,50799;18,4093;47,1945
14,20013;-1,353786;-1;17,2442;46,50348;18,38384;47,23421
14,22013;-1,432682;-1;17,14944;46,50449;18,35008;47,28619
14,24014;-1,508345;-1;17,05527;46,51046;18,31931;47,33344
14,26014;-1,581417;-1;16,96123;46,52098;18,28651;47,38383
14,28014;-1,652069;-1;16,8674;46,53561;18,25188;47,43702
14,30014;-1,71996;-1;16,77461;46,5537;18,21599;47,49214
14,32014;-1,785945;-1;16,68206;46,57491;18,17874;47,54935
14,34014;-1,850062;-1;16,5901;46,59864;18,14051;47,60807
14,36014;-1,912671;-1;16,4986;46,62442;18,10148;47,66801
14,38014;-1,974096;-1;16,40749;46,65178;18,06185;47,72888
14,40014;-2,034678;-1;16,31667;46,68024;18,0218;47,79041
14,42014;-2,094775;-1;16,226;46,70935;17,98149;47,85231
14,44014;-2,154666;-1;16,13524;46,73859;17,93267;47,9268
14,46014;-2,214204;-1;16,04456;46,76781;17,89165;47,98885
14,48014;-2,27375;-1;15,95387;46,79701;17,85064;48,05089
14,50014;-2,333275;-1;15,86322;46,8262;17,80965;48,1129
14,52014;-2,392769;-1;15,77262;46,85537;17,76867;48,17488
14,54014;-2,452258;-1;15,68202;46,88454;17,7277;48,23686
14,56014;-2,511739;-1;15,59143;46,91371;17,68674;48,29883
14,58014;-2,571221;-1;15,50084;46,94289;17,64577;48,36081
14,60014;-2,630694;-1;15,41026;46,97206;17,6048;48,42278
14,62014;-2,690156;-1;15,31969;47,00123;17,56384;48,48474
14,64014;-2,749524;-1;15,22913;47,0304;17,51206;48,56277
14,66014;-2,808453;-1;15,13858;47,05957;17,47043;48,62478
14,68015;-2,86737;-1;15,04805;47,08873;17,42881;48,68678
14,70015;-2,926286;-1;14,95752;47,11789;17,3872;48,74878
14,72015;-2,985189;-1;14,867;47,14706;17,34559;48,81077
14,74015;-3,04408;-1;14,7765;47,17621;17,30399;48,87275
14,76015;-3,102965;-1;14,68601;47,20536;17,2624;48,93472
14,78015;-3,161844;-1;14,59554;47,2345;17,22081;48,99667
14,80015;-3,220718;-1;14,50507;47,26364;17,17923;49,05862
14,82015;-3,279581;-1;14,41461;47,29277;17,13764;49,12057
14,84015;-3,338423;-1;14,32416;47,3219;17,08282;49,20203
14,86015;-3,396761;-1;14,23372;47,35102;17,04059;49,26399
14,88015;-3,455092;-1;14,14329;47,38013;16,99836;49,32596
14,90015;-3,513418;-1;14,05287;47,40924;16,95613;49,38792
14,92015;-3,571747;-1;13,96245;47,43835;16,91391;49,44987
14,94015;-3,630074;-1;13,87203;47,46745;16,87169;49,51181
14,96015;-3,688411;-1;13,7816;47,49654;16,82947;49,57377
14,98015;-3,746799;-1;13,69109;47,52566;16,78722;49,63577
15,00015;-3,805181;-1;13,60059;47,55478;16,74496;49,69776
15,02015;-3,863564;-1;13,51009;47,58389;16,70271;49,75976
15,04015;-3,92194;-1;13,41959;47,613;16,64467;49,8447
15,06015;-3,97979;-1;13,3291;47,64211;16,60175;49,90673
15,08015;-4,037596;-1;13,23867;47,6712;16,55886;49,96872
15,10015;-4,095278;-1;13,14841;47,70028;16,51603;50,03062
15,12016;-4,152822;-1;13,05832;47,72934;16,47326;50,09241
15,14016;-4,210263;-1;12,96839;47,75835;16,43056;50,15412
15,16016;-4,267504;-1;12,87874;47,78732;16,38798;50,21567
15,18016;-4,32485;-1;12,78889;47,81638;16,34529;50,27735
15,20016;-4,382123;-1;12,69914;47,84541;16,30264;50,33897
15,22016;-4,439674;-1;12,60908;47,8744;16,25992;50,40073
15,24016;-4,496683;-1;12,51983;47,90315;16,19915;50,48827
15,26016;-4,553288;-1;12,4304;47,93198;16,15603;50,54964
15,28016;-4,609877;-1;12,34098;47,96081;16,11292;50,61099
15,30016;-4,666535;-1;12,25145;47,98969;16,06974;50,67245
15,32016;-4,722851;-1;12,16244;48,01841;16,02682;50,73354
15,34016;-4,778886;-1;12,07343;48,04762;15,98366;50,79497
15,36016;-4,83428;-1;11,98488;48,0773;15,94043;50,85649
15,38016;-4,888865;-1;11,89687;48,1076;15,89709;50,91817
15,40016;-4,942218;-1;11,80944;48,13923;15,85332;50,98048
15,42016;-4,99533;-1;11,7211;48,17255;15,80845;51,04433
15,44016;-5,046661;-1;11,63574;48,20456;15,74412;51,13545
15,46016;-5,096344;-1;11,55034;48,23874;15,69915;51,19848
15,48016;-5,144828;-1;11,46579;48,27376;15,65408;51,26165
15,50016;-5,191868;-1;11,38194;48,31031;15,60852;51,32552
15,52016;-5,237558;-1;11,29895;48,34796;15,56273;51,38971
15,54016;-5,281775;-1;11,21682;48,38695;15,51659;51,45438
15,56017;-5,32455;-1;11,13561;48,42712;15,47021;51,51939
15,58017;-5,365843;-1;11,05529;48,46859;15,42352;51,58485
15,60017;-5,405655;-1;10,97592;48,5113;15,37655;51,65068
15,62017;-5,443962;-1;10,89747;48,55529;15,3293;51,71693
15,64017;-5,480271;-1;10,81997;48,60052;15,25823;51,81538
15,66017;-5,515001;-1;10,74346;48,64696;15,20984;51,88218
15,68017;-5,548235;-1;10,66791;48,6946;15,16121;51,94932
15,70017;-5,579981;-1;10,59332;48,74345;15,11233;52,01679
15,72017;-5,610251;-1;10,51969;48,7935;15,06322;52,08459
15,74017;-5,63905;-1;10,44699;48,84476;15,01384;52,15276
15,76017;-5,666412;-1;10,37521;48,89721;14,96423;52,22126
15,78017;-5,692367;-1;10,30432;48,95081;14,91436;52,29009
15,80017;-5,716932;-1;10,23429;49,00554;14,83975;52,39274
15,82017;-5,739717;-1;10,16506;49,06122;14,78887;52,46192
15,84017;-5,761237;-1;10,09669;49,11787;14,73783;52,53131
15,86017;-5,781792;-1;10,0289;49,17535;14,6866;52,60097
15,88017;-5,801332;-1;9,961813;49,23358;14,63526;52,67078
15,90017;-5,819824;-1;9,89546;49,29258;14,58381;52,74074
15,92017;-5,837252;-1;9,829858;49,35235;14,53225;52,81084
15,94017;-5,853596;-1;9,765022;49,4129;14,48059;52,88108
15,96017;-5,868834;-1;9,700974;49,47425;14,42883;52,95146
15,98018;-5,882578;-1;9,637731;49,5364;14,35096;53,05638
16,00018;-5,894933;-1;9,575306;49,59935;14,29843;53,12672
16,02018;-5,906132;-1;9,513718;49,6631;14,24581;53,19717
16,04018;-5,916164;-1;9,452979;49,72766;14,19311;53,26775
16,06018;-5,925011;-1;9,393106;49,79304;14,14033;53,33841
16,08018;-5,932672;-1;9,334108;49,85923;14,08747;53,40919
16,10018;-5,939137;-1;9,276001;49,92622;14,03455;53,48005
16,12018;-5,944392;-1;9,218793;49,99402;13,98156;53,551
16,14018;-5,948271;-1;9,162495;50,06262;13,90201;53,65692
16,16018;-5,950466;-1;9,107115;50,13202;13,84838;53,72764
16,18018;-5,951447;-1;9,052661;50,20221;13,7947;53,79842
16,20018;-5,951209;-1;8,99914;50,27318;13,74099;53,86925
16,22018;-5,949748;-1;8,946556;50,34492;13,68725;53,94011
16,24018;-5,947076;-1;8,894916;50,41743;13,63349;54,011
16,26018;-5,943202;-1;8,844221;50,49068;13,57971;54,08192
16,28018;-5,938119;-1;8,794474;50,56467;13,52592;54,15285
16,30018;-5,931837;-1;8,745676;50,63939;13,44541;54,25869
16,32018;-5,923733;-1;8,697827;50,71481;13,39114;54,32915
16,34018;-5,914461;-1;8,650926;50,79091;13,33688;54,3996
16,36018;-5,904031;-1;8,604969;50,86768;13,28266;54,47001
16,38018;-5,892461;-1;8,559954;50,9451;13,22848;54,54037
16,40018;-5,879761;-1;8,515874;51,02315;13,17434;54,61067
16,42019;-5,865954;-1;8,472724;51,1018;13,12026;54,6809
16,44019;-5,851061;-1;8,430497;51,18102;13,06624;54,75105
16,46019;-5,835099;-1;8,389184;51,2608;13,01229;54,82109
16,48019;-5,81763;-1;8,348774;51,34111;12,9314;54,92502
16,50019;-5,798982;-1;8,309258;51,42191;12,87719;54,99433
16,52019;-5,779352;-1;8,270621;51,50319;12,8231;55,06351
16,54019;-5,758765;-1;8,232853;51,5849;12,76911;55,13254
16,56019;-5,737255;-1;8,195936;51,66701;12,71525;55,20141
16,58019;-5,714851;-1;8,159857;51,7495;12,66153;55,2701
16,60019;-5,691593;-1;8,124596;51,83233;12,60795;55,3386
16,62019;-5,667509;-1;8,090137;51,91547;12,55453;55,40691
16,64019;-5,642436;-1;8,056459;51,99887;12,47483;55,50816
16,66019;-5,616203;-1;8,023543;52,0825;12,42137;55,57548
16,68019;-5,589268;-1;7,991366;52,16632;12,3681;55,64255
16,70019;-5,561674;-1;7,959906;52,25029;12,31503;55,70936
16,72019;-5,533468;-1;7,929138;52,33438;12,26218;55,7759
16,74019;-5,50469;-1;7,899038;52,41854;12,20955;55,84217
16,76019;-5,475387;-1;7,86958;52,50274;12,15714;55,90814
16,78019;-5,445614;-1;7,840735;52,58691;12,105;55,9738
16,80019;-5,415412;-1;7,812477;52,67103;12,05309;56,03915
16,82019;-5,384435;-1;7,784776;52,75505;11,9756;56,13577
16,84019;-5,352929;-1;7,7576;52,83893;11,9239;56,19985
16,8602;-5,321152;-1;7,730921;52,92262;11,87249;56,26359
16,8802;-5,289159;-1;7,704706;53,00607;11,82137;56,32695
16,9002;-5,257006;-1;7,678921;53,08923;11,77056;56,38993
16,9202;-5,224752;-1;7,653532;53,17207;11,72007;56,45252
16,9402;-5,19245;-1;7,628506;53,25454;11,66991;56,51471
16,9602;-5,160159;-1;7,603807;53,33657;11,62008;56,57648
16,9802;-5,127933;-1;7,5794;53,41814;11,5706;56,63782
17,0002;-5,095529;-1;7,555246;53,49919;11,49673;56,72862
17,0202;-5,063044;-1;7,531309;53,57967;11,44765;56,78851
17,0402;-5,030803;-1;7,507551;53,65953;11,39896;56,84794
17,0602;-4,998875;-1;7,483933;53,73874;11,35065;56,90691
17,0802;-4,96732;-1;7,460416;53,81723;11,30272;56,9654
17,1002;-4,936198;-1;7,436961;53,89496;11,25519;57,02341
17,1202;-4,905571;-1;7,413527;53,97188;11,20807;57,08092
17,1402;-4,875495;-1;7,390073;54,04795;11,16136;57,13793
17,1602;-4,84604;-1;7,36656;54,12311;11,11506;57,19444
17,1802;-4,817261;-1;7,342947;54,19733;11,0692;57,25041
17,2002;-4,788866;-1;7,319192;54,27055;10,99999;57,33405
17,2202;-4,761099;-1;7,295253;54,34272;10,95471;57,38846
17,2402;-4,73419;-1;7,27109;54,41382;10,90986;57,44234
17,2602;-4,70822;-1;7,24666;54,48378;10,86547;57,49568
17,2802;-4,683226;-1;7,221922;54,55256;10,82152;57,54848
17,30021;-4,659285;-1;7,196835;54,62013;10,77803;57,60073
17,32021;-4,636448;-1;7,171356;54,68644;10,735;57,65244
17,34021;-4,614772;-1;7,145446;54,75144;10,69243;57,70358
17,36021;-4,594315;-1;7,119062;54,81511;10,65033;57,75416
17,38021;-4,57514;-1;7,092165;54,87739;10,6087;57,80418
17,40021;-4,5573;-1;7,064714;54,93826;10,56754;57,85364
17,42021;-4,5405;-1;7,036669;54,99766;10,50392;57,92928
17,44021;-4,525005;-1;7,00799;55,05558;10,46341;57,97719
17,46021;-4,511014;-1;6,978639;55,11197;10,42337;58,02454
17,48021;-4,498568;-1;6,948577;55,16681;10,3838;58,07134
17,50021;-4,487715;-1;6,917767;55,22005;10,3447;58,11758
17,52021;-4,478508;-1;6,886171;55,27168;10,30608;58,16326
17,54021;-4,47099;-1;6,853755;55,32166;10,26792;58,20839
17,56021;-4,465206;-1;6,820482;55,36996;10,23023;58,25297
17,58021;-4,461195;-1;6,786318;55,41658;10,19301;58,29699
17,60021;-4,459002;-1;6,75123;55,46147;10,15625;58,34047
17,62021;-4,458657;-1;6,715186;55,50462;10,11995;58,3834
17,64021;-4,460204;-1;6,678153;55,54601;10,0841;58,4258
17,66021;-4,463606;-1;6,640103;55,58563;10,02605;58,4941
17,68021;-4,468622;-1;6,601007;55,62345;9,990753;58,53519
17,70021;-4,475624;-1;6,560835;55,65948;9,955891;58,57578
17,72021;-4,484644;-1;6,519565;55,69368;9,921458;58,61587
17,74022;-4,495705;-1;6,477169;55,72607;9,887453;58,65546
17,76022;-4,508823;-1;6,433624;55,75663;9,853859;58,69456
17,78022;-4,524029;-1;6,388909;55,78535;9,82068;58,73319
17,80022;-4,541324;-1;6,343004;55,81224;9,7879;58,77135
17,82022;-4,560735;-1;6,29589;55,83729;9,755512;58,80905
17,84022;-4,582267;-1;6,24755;55,86052;9,723505;58,84631
17,86022;-4,605936;-1;6,197968;55,88192;9,691876;58,88314
17,88022;-4,631733;-1;6,147132;55,9015;9,660616;58,91953
17,90022;-4,659668;-1;6,095029;55,91928;9,629707;58,95551
17,92022;-4,689738;-1;6,04165;55,93526;9,599139;58,9911
17,94022;-4,721947;-1;5,986987;55,94946;9,568913;59,02629
17,96022;-4,756166;-1;5,931033;55,96191;9,51432;59,08941
17,98022;-4,792257;-1;5,873785;55,97262;9,484261;59,12385
18,00022;-4,830455;-1;5,815241;55,98161;9,454494;59,15795
18,02022;-4,87074;-1;5,755401;55,9889;9,425006;59,19173
18,04022;-4,913095;-1;5,694266;55,99454;9,395775;59,22523
18,06022;-4,957494;-1;5,631842;55,99854;9,366802;59,25842
18,08022;-5,003913;-1;5,568134;56,00095;9,338065;59,29135
18,10022;-5,052319;-1;5,503151;56,00179;9,309551;59,32402
18,12022;-5,102676;-1;5,436903;56,0011;9,281246;59,35645
18,14022;-5,154959;-1;5,369405;55,99893;9,253138;59,38866
18,16022;-5,209113;-1;5,300669;55,99532;9,225204;59,42065
18,18023;-5,26511;-1;5,230713;55,99031;9,197439;59,45247
18,20023;-5,322893;-1;5,159558;55,98395;9,169817;59,48412
18,22023;-5,382418;-1;5,087224;55,9763;9,142335;59,5156
18,24023;-5,443631;-1;5,013736;55,9674;9,114966;59,54696
18,26023;-5,506474;-1;4,939119;55,95731;9,087703;59,57819
18,28023;-5,570895;-1;4,863401;55,94608;9,060523;59,60934
18,30023;-5,636762;-1;4,786613;55,93378;9,003771;59,67394
18,32023;-5,703824;-1;4,708788;55,92048;8,976112;59,70513
18,34023;-5,772261;-1;4,62996;55,90622;8,948489;59,73627
18,36023;-5,842012;-1;4,550166;55,89107;8,920873;59,76742
18,38023;-5,912999;-1;4,469445;55,87511;8,89326;59,79855
18,40023;-5,985141;-1;4,387837;55,8584;8,865625;59,82971
18,42023;-6,058363;-1;4,305387;55,84101;8,837956;59,86091
18,44023;-6,132582;-1;4,222139;55,82302;8,810235;59,89217
18,46023;-6,207715;-1;4,138139;55,8045;8,782449;59,92349
18,48023;-6,283676;-1;4,053437;55,78552;8,75458;59,95492
18,50023;-6,360373;-1;3,968084;55,76616;8,726606;59,98646
18,52023;-6,437717;-1;3,882131;55,74651;8,698524;60,01812
18,54023;-6,515621;-1;3,795633;55,72662;8,670311;60,04993
18,56023;-6,593978;-1;3,708647;55,7066;8,641955;60,0819
18,58023;-6,672699;-1;3,621228;55,68652;8,613437;60,11406
18,60023;-6,75168;-1;3,533438;55,66646;8,584738;60,14642
18,62024;-6,830832;-1;3,445335;55,6465;8,555857;60,17899
18,64024;-6,910038;-1;3,356983;55,62674;8,48982;60,25305
18,66024;-6,988866;-1;3,268443;55,60723;8,459831;60,28632
18,68024;-7,067542;-1;3,179781;55,58809;8,429605;60,31985
18,70024;-7,145974;-1;3,091062;55,56939;8,399141;60,35366
18,72024;-7,224042;-1;3,002353;55,5512;8,368423;60,38774
18,74024;-7,301648;-1;2,913721;55,53363;8,337438;60,42212
18,76024;-7,378678;-1;2,825234;55,51674;8,306167;60,45681
18,78024;-7,455034;-1;2,736962;55,50063;8,274613;60,49182
18,80024;-7,530604;-1;2,648973;55,48538;8,242763;60,52716
18,82024;-7,605277;-1;2,56134;55,47107;8,2106;60,56284
18,84024;-7,678949;-1;2,474131;55,45777;8,178119;60,59888
18,86024;-7,751519;-1;2,387418;55,44558;8,145314;60,63528
18,88024;-7,822871;-1;2,301272;55,43457;8,112175;60,67204
18,90024;-7,892909;-1;2,215764;55,42482;8,0787;60,70918
18,92024;-7,961524;-1;2,130965;55,4164;8,044875;60,74671
18,94024;-8,028639;-1;2,046947;55,40939;7,966991;60,8327
18,96024;-8,093709;-1;1,963779;55,40385;7,931797;60,87112
18,98024;-8,157042;-1;1,881531;55,39988;7,896248;60,90993
19,00024;-8,218551;-1;1,800274;55,39753;7,860341;60,94913
19,02024;-8,278131;-1;1,720076;55,39688;7,824074;60,98872
19,04025;-8,33569;-1;1,641005;55,39798;7,787447;61,02869
19,06025;-8,391144;-1;1,563129;55,40089;7,750461;61,06907
19,08025;-8,444397;-1;1,486512;55,40568;7,713115;61,10983
19,10025;-8,495367;-1;1,41122;55,41241;7,675408;61,15099
19,12025;-8,543967;-1;1,337316;55,42112;7,637346;61,19254
19,14025;-8,59012;-1;1,264862;55,43188;7,598927;61,23448
19,16025;-8,633743;-1;1,193918;55,44472;7,560161;61,27679
19,18025;-8,674771;-1;1,124543;55,45969;7,521046;61,3195
19,20025;-8,713087;-1;1,056794;55,47684;7,433315;61,4147
19,22025;-8,748253;-1;0,9907237;55,4962;7,392977;61,45802
19,24025;-8,780622;-1;0,9263859;55,5178;7,352325;61,50167
19,26025;-8,810135;-1;0,8638302;55,54168;7,311363;61,54566
19,28025;-8,836732;-1;0,8031048;55,56786;7,270103;61,58997
19,30025;-8,860379;-1;0,7442545;55,59636;7,228559;61,63458
19,32025;-8,88102;-1;0,6873221;55,6272;7,186735;61,6795
19,34025;-8,898618;-1;0,6323474;55,6604;7,144644;61,72469
19,36025;-8,913148;-1;0,5793673;55,69597;7,102303;61,77016
19,38025;-8,924571;-1;0,5284158;55,73391;7,059718;61,8159
19,40025;-8,93287;-1;0,479524;55,77422;7,01691;61,86187
19,42025;-8,938025;-1;0,4327192;55,81689;6,973891;61,90807
19,44025;-8,939714;-1;0,3880262;55,86193;6,879941;62,00797
19,46025;-8,938052;-1;0,3454662;55,90932;6,836167;62,05421
19,48026;-8,933216;-1;0,3050563;55,95904;6,792244;62,1006
19,50026;-8,92522;-1;0,2668114;56,01107;6,748191;62,14713
19,52026;-8,914069;-1;0,2307414;56,06538;6,704026;62,19378
19,54026;-8,899785;-1;0,1968533;56,12195;6,659765;62,24053
19,56026;-8,882391;-1;0,1651503;56,18074;6,615436;62,28736
19,58026;-8,861902;-1;0,1356314;56,2417;6,571043;62,33425
19,60026;-8,838364;-1;0,1082925;56,3048;6,52662;62,38117
19,62026;-8,811816;-1;0,08312464;56,36998;6,482181;62,42812
19,64026;-8,782296;-1;0,06011575;56,4372;6,437748;62,47504
19,66026;-8,749542;-1;0,03924948;56,50638;6,342733;62,57439
19,68026;-8,713748;-1;0,02050531;56,57748;6,298199;62,62066
19,70026;-8,675163;-1;0,003859222;56,65041;6,25375;62,66683
19,72026;-8,633855;-1;-0,01071745;56,72512;6,209413;62,71289
19,74026;-8,589904;-1;-0,0232566;56,80152;6,165209;62,75881
19,76026;-8,543386;-1;-0,03379488;56,87953;6,121167;62,80456
19,78026;-8,494394;-1;-0,04237247;56,95907;6,077298;62,85013
19,80026;-8,443023;-1;-0,04903334;57,04005;6,033631;62,89549
19,82026;-8,389363;-1;-0,05382586;57,12239;5,990188;62,94062
19,84026;-8,333523;-1;-0,05680168;57,20598;5,946989;62,9855
19,86026;-8,275607;-1;-0,05801684;57,29073;5,904061;63,03009
19,88026;-8,215505;-1;-0,05753046;57,37653;5,813162;63,12368
19,90026;-8,153303;-1;-0,05540627;57,46329;5,770834;63,16692
19,92027;-8,089389;-1;-0,05171037;57,55088;5,728856;63,20979
19,94027;-8,023894;-1;-0,0465135;57,6392;5,687251;63,2523
19,96027;-7,956946;-1;-0,03988874;57,72814;5,646031;63,2944
19,98027;-7,88868;-1;-0,03191364;57,81757;5,605228;63,33608
20,00027;-7,819236;-1;-0,02266771;57,90739;5,564856;63,37732
20,02027;-7,748765;-1;-0,01223445;57,99747;5,524932;63,41811
20,04027;-7,677402;-1;-0,0006998181;58,08768;5,485478;63,4584
20,06027;-7,605304;-1;0,01184756;58,17792;5,446512;63,49821
20,08027;-7,532627;-1;0,02531612;58,26804;5,408054;63,53749
20,10027;-7,459522;-1;0,03961211;58,35792;5,370119;63,57624
20,12027;-7,386108;-0,4472065;0,05463928;58,44744;5,288665;63,65894
20,14027;-7,312197;0,7897282;0,0702998;58,53646;5,251952;63,69581
20,16027;-7,238341;1;0,08649522;58,62488;5,215803;63,73212
20,18027;-7,164685;1;0,1031277;58,71257;5,180241;63,76783
20,20027;-7,091393;1;0,1200991;58,79941;5,145272;63,80296
20,22027;-7,018601;1;0,1373123;58,88528;5,110908;63,83746
20,24027;-6,946469;1;0,1546707;58,97008;5,077149;63,87137
20,26027;-6,875125;1;0,172079;59,0537;5,044003;63,90466
20,28027;-6,804723;1;0,1894428;59,13604;5,01148;63,93732
20,30027;-6,735389;1;0,2066684;59,217;4,979574;63,96937
20,32027;-6,667253;1;0,2236648;59,29649;4,948291;64,00079
20,34027;-6,600445;0,8033228;0,2403416;59,37442;4,91763;64,03158
20,36028;-6,535089;0,005869865;0,2566096;59,4507;4,88759;64,06174
20,38028;-6,471313;-0,9380484;0,2723788;59,52525;4,858168;64,0913
20,40028;-6,409237;-1;0,2875543;59,59797;4,829361;64,12023
20,42028;-6,349;-1;0,3020403;59,66878;4,801166;64,14854
20,44028;-6,290596;-1;0,3157418;59,73759;4,735206;64,21421
20,46028;-6,234104;-1;0,328564;59,80433;4,708335;64,24074
20,48028;-6,179833;-1;0,340414;59,8689;4,682055;64,26669
20,50028;-6,127901;-1;0,3511992;59,93122;4,656357;64,29205
20,52028;-6,078428;-1;0,3608293;59,99125;4,631223;64,31687
20,54028;-6,031519;-1;0,3692155;60,04889;4,606656;64,34113
20,56028;-5,987286;-1;0,3762704;60,10408;4,582635;64,36484
20,58028;-5,945831;-1;0,3819094;60,15676;4,559149;64,38802
20,60028;-5,907251;-1;0,3860497;60,20688;4,536185;64,41069
20,62028;-5,87165;-1;0,3886108;60,25439;4,513734;64,43286
20,64028;-5,839102;-1;0,3895156;60,29922;4,491775;64,45454
20,66028;-5,809702;-1;0,3886892;60,34135;4,470293;64,47575
20,68028;-5,78352;-1;0,3860602;60,38074;4,449272;64,4965
20,70028;-5,760629;-1;0,38156;60,41734;4,428696;64,51681
20,72028;-5,741106;-1;0,375124;60,45113;4,408539;64,53671
20,74028;-5,724998;-1;0,366691;60,48209;4,388793;64,55621
20,76028;-5,712358;-1;0,3562031;60,51019;4,36943;64,57532
20,78028;-5,70324;-1;0,3436072;60,53544;4,350429;64,59408
20,80029;-5,69768;-1;0,3288534;60,55782;4,331769;64,6125
20,82029;-5,695704;-1;0,311897;60,57732;4,313429;64,63061
20,84029;-5,697345;-1;0,2926971;60,59396;4,295386;64,64841
20,86029;-5,702623;-1;0,2712177;60,60775;4,277617;64,66596
20,88029;-5,711539;-1;0,2474273;60,6187;4,260091;64,68327
20,90029;-5,724099;-1;0,2212992;60,62684;4,242793;64,70034
20,92029;-5,740239;-1;0,192812;60,63219;4,190169;64,75185
20,94029;-5,759871;-1;0,1619489;60,63479;4,172976;64,76854
20,96029;-5,783103;-1;0,1286986;60,63468;4,155904;64,7851
20,98029;-5,809914;-1;0,09305495;60,63191;4,138932;64,80157
21,00029;-5,840269;-1;0,05501705;60,62653;4,122029;64,81797
21,02029;-5,874117;-1;0,01458937;60,61859;4,105171;64,83433
21,04029;-5,911409;-1;-0,02821803;60,60817;4,088335;64,85066
21,06029;-5,952083;-1;-0,07338977;60,59533;4,071483;64,86702
21,08029;-5,996065;-1;-0,1209048;60,58015;4,054597;64,8834
21,10029;-6,043288;-1;-0,1707367;60,5627;4,037646;64,89985
21,12029;-6,09366;-1;-0,2228533;60,54309;4,02061;64,91638
21,14029;-6,147092;-1;-0,277217;60,52139;4,003453;64,93303
21,16029;-6,203478;-1;-0,3337847;60,4977;3,986153;64,94981
21,18029;-6,262721;-1;-0,3925079;60,47214;3,968684;64,96677
21,20029;-6,324699;-1;-0,4533325;60,4448;3,951017;64,98391
21,22029;-6,389288;-1;-0,5161988;60,41579;3,933134;65,00126
21,2403;-6,456366;-1;-0,5810424;60,38525;3,915002;65,01885
21,2603;-6,525794;-1;-0,6477934;60,35327;3,896602;65,03671
21,2803;-6,597439;-1;-0,7163764;60,31999;3,877909;65,05485
21,3003;-6,671135;-1;-0,7867116;60,28554;3,858898;65,07329
21,3203;-6,746743;-1;-0,858714;60,25005;3,83955;65,09206
21,3403;-6,8241;-1;-0,932294;60,21365;3,819843;65,11118
21,3603;-6,903039;-1;-1,007357;60,17649;3,799754;65,13068
21,3803;-6,983396;-1;-1,083805;60,1387;3,779268;65,15056
21,4003;-7,064984;-1;-1,161535;60,10043;3,758358;65,17085
21,4203;-7,147639;-1;-1,24044;60,06181;3,737018;65,19155
21,4403;-7,231168;-1;-1,320409;60,02301;3,715221;65,2127
21,4603;-7,315394;-1;-1,401328;59,98416;3,692958;65,23431
21,4803;-7,400028;-1;-1,483079;59,94542;3,623407;65,3012
21,5003;-7,484787;-1;-1,565543;59,90693;3,599431;65,32406
21,5203;-7,569663;-1;-1,648594;59,86885;3,574944;65,3474
21,5403;-7,654451;-1;-1,732108;59,83133;3,549938;65,37125
21,5603;-7,738964;-1;-1,815956;59,79451;3,524403;65,3956
21,5803;-7,822987;-1;-1,900007;59,75856;3,498337;65,42045
21,6003;-7,906334;-1;-1,98413;59,7236;3,471728;65,44582
21,6203;-7,988806;-1;-2,06819;59,6898;3,44458;65,4717
21,6403;-8,070201;-1;-2,152055;59,6573;3,416883;65,49811
21,66031;-8,150331;-1;-2,235587;59,62623;3,388643;65,52504
21,68031;-8,228983;-1;-2,318651;59,59674;3,359855;65,55248
21,70031;-8,305984;-1;-2,401113;59,56897;3,330531;65,58044
21,72031;-8,381137;-1;-2,482836;59,54305;3,30067;65,60892
21,74031;-8,454247;-1;-2,563686;59,5191;3,270281;65,63789
21,76031;-8,525146;-1;-2,643529;59,49726;3,239367;65,66737
21,78031;-8,59364;-1;-2,722232;59,47765;3,207933;65,69733
21,80031;-8,659566;-1;-2,799664;59,46037;3,176003;65,72778
21,82031;-8,722749;-1;-2,875698;59,44555;3,14358;65,75869
21,84031;-8,782938;-1;-2,950206;59,43328;3,054236;65,84319
21,86031;-8,839767;-1;-3,023064;59,42367;3,020226;65,87505
21,88031;-8,893381;-1;-3,094153;59,41681;2,985787;65,90731
21,90031;-8,943636;-1;-3,163355;59,41278;2,950939;65,93996
21,92031;-8,990396;-1;-3,230557;59,41166;2,915701;65,97297
21,94031;-9,033534;-1;-3,295651;59,41353;2,880094;66,00632
21,96031;-9,072923;-1;-3,358531;59,41846;2,844147;66,03999
21,98031;-9,108465;-1;-3,419097;59,42649;2,807879;66,07397
22,00031;-9,14006;-1;-3,477257;59,43767;2,771322;66,10822
22,02031;-9,167607;-1;-3,532919;59,45206;2,734499;66,14271
22,04031;-9,191025;-1;-3,586;59,46968;2,697437;66,17742
22,06031;-9,210257;-1;-3,636425;59,49055;2,660165;66,21234
22,08031;-9,225228;-1;-3,68412;59,51469;2,622713;66,24742
22,10032;-9,235898;-1;-3,729023;59,54211;2,585116;66,28264
22,12032;-9,24216;-1;-3,771074;59,57281;2,486797;66,37405
22,14032;-9,243687;-1;-3,810224;59,60677;2,448671;66,40913
22,16032;-9,240828;-1;-3,846429;59,64397;2,410529;66,44423
22,18032;-9,233579;-1;-3,879654;59,68439;2,372396;66,47931
22,20032;-9,22196;-1;-3,90987;59,72799;2,334311;66,51436
22,22032;-9,205985;-1;-3,937057;59,77472;2,296308;66,54932
22,24032;-9,185684;-1;-3,961202;59,82452;2,258416;66,58419
22,26032;-9,161109;-1;-3,982302;59,87732;2,22068;66,61891
22,28032;-9,132311;-1;-4,000359;59,93306;2,183131;66,65346
22,30032;-9,099368;-1;-4,015386;59,99164;2,145802;66,68781
22,32032;-9,062356;-1;-4,027403;60,05298;2,10873;66,72192
22,34032;-9,021364;-1;-4,036438;60,11697;2,071949;66,75575
22,36032;-8,97651;-1;-4,04253;60,18352;2,035494;66,7893
22,38032;-8,928112;-1;-4,045722;60,25249;1,939946;66,87695
22,40032;-8,875469;-1;-4,04607;60,32377;1,9043;66,90916
22,42032;-8,819339;-1;-4,043633;60,39722;1,869101;66,94096
22,44032;-8,759888;-1;-4,038485;60,47271;1,834387;66,97233
22,46032;-8,697264;-1;-4,030699;60,55008;1,80019;67,00323
22,48032;-8,631643;-1;-4,020364;60,62918;1,766527;67,03365
22,50032;-8,563205;-1;-4,007572;60,70986;1,733436;67,06355
22,52032;-8,492142;-1;-3,992425;60,79195;1,700942;67,0929
22,54033;-8,418644;-1;-3,975031;60,87528;1,669064;67,1217
22,56033;-8,342935;-1;-3,955505;60,95967;1,637835;67,14993
22,58033;-8,265221;-1;-3,933969;61,04495;1,607272;67,17754
22,60033;-8,185719;-1;-3,910551;61,13092;1,577393;67,20454
22,62033;-8,104668;0,004224777;-3,885386;61,21742;1,548224;67,2309
22,64033;-8,022292;1;-3,858617;61,30424;1,519773;67,2566
22,66033;-7,938848;1;-3,830391;61,39119;1,492058;67,28165
22,68033;-7,854574;1;-3,800862;61,47808;1,465091;67,30602
22,70033;-7,769711;1;-3,770186;61,56472;1,438881;67,3297
22,72033;-7,684657;1;-3,738519;61,65094;1,361246;67,39956
22,74033;-7,599061;1;-3,706018;61,73653;1,336938;67,42112
22,76033;-7,513614;1;-3,672843;61,82133;1,313405;67,442
22,78033;-7,42854;1;-3,639151;61,90517;1,290638;67,4622
22,80033;-7,344077;1;-3,6051;61,98788;1,268636;67,48171
22,82033;-7,260455;1;-3,570848;62,06928;1,247391;67,50056
22,84033;-7,177883;1;-3,536552;62,14923;1,22689;67,51875
22,86033;-7,096594;1;-3,502365;62,22758;1,207131;67,53628
22,88033;-7,016781;1;-3,468439;62,30417;1,188089;67,55317
22,90033;-6,938656;1;-3,434924;62,37888;1,16976;67,56943
22,92033;-6,862417;1;-3,401968;62,45156;1,152119;67,58508
22,94033;-6,788243;1;-3,369715;62,5221;1,135149;67,60014
22,96033;-6,716324;1;-3,338304;62,59037;1,118835;67,61461
22,98034;-6,646829;1;-3,307873;62,65628;1,103149;67,62852
23,00034;-6,579918;1;-3,278553;62,7197;1,088066;67,6419
23,02034;-6,515757;-0,9957647;-3,250474;62,78056;1,073566;67,65476
23,04034;-6,454499;-1;-3,223768;62,83876;1,059619;67,66714
23,06034;-6,39631;-1;-3,198571;62,89419;1,046204;67,67904
23,08034;-6,341344;-1;-3,175013;62,94677;1,033284;67,6905
23,10034;-6,289754;-1;-3,153224;62,9964;1,020835;67,70155
23,12034;-6,24167;-1;-3,133326;63,04303;1,008828;67,7122
23,14034;-6,197233;-1;-3,115442;63,08656;0,997221;67,7225
23,16034;-6,156558;-1;-3,099685;63,12695;0,985991;67,73245
23,18034;-6,119769;-1;-3,086167;63,16413;0,9750957;67,74212
23,20034;-6,086967;-1;-3,074993;63,19807;0,9645019;67,75152
23,22034;-6,058248;-1;-3,066263;63,22871;0,9541726;67,76068
23,24034;-6,033698;-1;-3,06007;63,25603;0,9440756;67,76964
23,26034;-6,013395;-1;-3,056502;63,28001;0,9341717;67,77843
23,28034;-5,997396;-1;-3,05564;63,30063;0,9244123;67,78709
23,30034;-5,985762;-1;-3,057558;63,31788;0,9147797;67,79563
23,32034;-5,978526;-1;-3,062322;63,33178;0,9052124;67,80412
23,34034;-5,975725;-1;-3,069993;63,34232;0,8956852;67,81257
23,36034;-5,977374;-1;-3,080622;63,34954;0,8861551;67,82102
23,38034;-5,983481;-1;-3,094253;63,35347;0,8765759;67,82952
23,40034;-5,994044;-1;-3,110921;63,35413;0,866919;67,83809
23,42035;-6,009036;-1;-3,130656;63,3516;0,8571334;67,84677
23,44035;-6,028438;-1;-3,153475;63,3459;0,8471932;67,85559
23,46035;-6,052454;-1;-3,179389;63,33712;0,7952065;67,90166
23,48035;-6,0804;-1;-3,2084;63,32533;0,7845435;67,91095
23,50035;-6,112579;-1;-3,240502;63,31062;0,7735734;67,9205
23,52035;-6,148918;-1;-3,275679;63,29307;0,7622571;67,93036
23,54035;-6,18932;-1;-3,313906;63,27279;0,7505579;67,94054
23,56035;-6,233686;-1;-3,35515;63,24987;0,738451;67,95109
23,58035;-6,281895;-1;-3,399368;63,22446;0,7258873;67,96203
23,60035;-6,333817;-1;-3,446509;63,19666;0,7128444;67,97338
23,62035;-6,389326;-1;-3,496512;63,1666;0,6992879;67,98519
23,64035;-6,448261;-1;-3,54931;63,13443;0,6851959;67,99746
23,66035;-6,510462;-1;-3,604823;63,10029;0,670527;68,01023
23,68035;-6,575758;-1;-3,662967;63,06433;0,6552615;68,02352
23,70035;-6,643971;-1;-3,723647;63,02673;0,6393766;68,03735
